model,arm,graphs,scheduled,completed,coverage,gap_percent_graph_macro,calls_graph_macro,solve_wall_seconds_graph_macro,legacy_wall_including_replay_graph_macro,model_call_seconds_graph_macro,probability_audit_failures
jev,A,7,21,21,1.0,66.01385663076613,141.14285714285714,,23.691731379744375,21.52755835258757,1187
jev,B,7,21,20,0.9523809523809523,31.12131461269987,70.23809523809524,9.14905806417976,,8.938656636469421,2
jev,C,7,21,21,1.0,27.798482855659337,74.14285714285714,8.927627013608193,,8.698884531511881,2
qwen4,A,7,21,21,1.0,307.1149989904585,141.14285714285714,,145.46028127652104,142.96713333380674,0
qwen4,B,7,21,21,1.0,43.69750899847411,76.0,49.674870419582085,,49.442540227624015,0
qwen4,C,7,21,21,1.0,36.35608457849431,78.38095238095238,51.657221498056536,,51.415388585101546,0
qwen9,A,7,21,21,1.0,381.8210326116498,141.14285714285714,,218.07538466789714,215.48956589558207,0
qwen9,B,7,21,21,1.0,39.0851343616076,77.57142857142857,80.16484947592419,,79.92468894013602,0
qwen9,C,7,21,21,1.0,26.760672904285805,73.71428571428572,78.00407991834385,,77.76739489586491,0
