model,arm,instance_id,dataset_id,replicate,status,feasible,objective,gap_percent,calls,forced_candidate_steps,candidate_seconds,setup_seconds,model_call_seconds,solve_wall_seconds,legacy_wall_including_replay,verification_seconds,failure_count,probability_audit_failures
jev,A,74327333c84cc9c9fce9,kroB200,0,feasible,True,42085,42.96633488466895,198,0,,,28.479745417600498,,32.38610192993656,1.672599553130567,0,92
jev,A,1a20d32aab67439dbaec,tsp225,2,feasible,True,7116,81.71603677221655,223,0,,,37.35093807685189,,43.14847235591151,2.305081262951717,0,100
jev,A,60f6300678dd72dc82e5,kroA150,2,feasible,True,40795,53.804101945407936,148,0,,,18.82637627539225,,20.671428298112005,0.7787147301714867,0,64
jev,A,2bb94d12a8bd02f6cf08,tsp225,0,feasible,True,8566,118.74361593462717,223,0,,,32.412804638035595,,37.920869341120124,2.3016303370241076,0,86
jev,A,da0bb64096b3ee6b6b8d,bier127,2,feasible,True,192592,62.82443651612248,125,0,,,20.135358513798565,,21.38752602902241,0.5035028220154345,0,52
jev,A,7482ef052dd60cb7c2f0,kroA100,1,feasible,True,28231,32.65200639037684,98,0,,,15.092379706911743,,15.785742273787037,0.27483378583565354,0,34
jev,A,6d21d1a66f187f5f7035,kroB200,1,feasible,True,57879,96.61990012569215,198,0,,,35.368593408260494,,39.36396354995668,1.6996912560425699,0,106
jev,A,b9db0e2302f251b2cb8b,kroB100,2,feasible,True,34679,56.62797524953705,98,0,,,13.896366518456489,,14.63339225994423,0.27514219493605196,0,34
jev,A,47e8ae743e5114e85867,kroB100,0,feasible,True,34488,55.7653222528341,98,0,,,12.844048036262393,,13.571690683020279,0.2740006011445075,0,36
jev,A,c4a1ab4447bdf3dade04,kroA100,2,feasible,True,33565,57.71544027816935,98,0,,,12.78237077430822,,13.675980963977054,0.27572139305993915,0,23
jev,A,d5cf18645ce3212f5314,bier127,0,feasible,True,185736,57.02811924045924,125,0,,,19.713354321429506,,20.946413865778595,0.5035166419111192,0,40
jev,A,9d28b5267d7a888ca8ad,kroA150,0,feasible,True,45165,70.27974664454834,148,0,,,24.60251659224741,,26.47918218304403,0.7792504460085183,0,63
jev,A,2448ac56127dbfb1ee7e,bier127,1,feasible,True,172050,45.457466055697395,125,0,,,20.56124315271154,,21.8441057309974,0.5055749260354787,0,51
jev,A,8ce2bcba3b1364fdcc77,kroC100,1,feasible,True,38357,84.86192105643646,98,0,,,12.61015743156895,,13.379834301071241,0.2747941149864346,0,28
jev,A,044225a6f2e770ef55e2,kroB200,2,feasible,True,50857,72.76556714339097,198,0,,,31.650292890844867,,35.66266155196354,1.7035583450924605,0,98
jev,A,121d82f7209f92abacaa,kroB100,1,feasible,True,41909,89.28232690483718,98,0,,,13.094857539050281,,14.008307548006997,0.2738524458836764,0,30
jev,A,32a4d86692db8d853591,kroA100,0,feasible,True,33135,55.694953481815624,98,0,,,13.039602944627404,,13.768189430003986,0.27345803403295577,0,24
jev,A,8a04cce0cc5004870e69,kroC100,0,feasible,True,30220,45.64557328064003,98,0,,,11.81476812204346,,12.550606646109372,0.27656365907751024,0,30
jev,A,8ba7072288c2145a4cfd,tsp225,1,feasible,True,7529,92.26251276813075,223,0,,,34.9335052119568,,40.44902338995598,2.2895113839767873,0,100
jev,A,b4e30346b4fe00bc1b40,kroC100,2,feasible,True,31069,49.73733673911996,98,0,,,17.953288359800354,,18.6587942969054,0.2764152039308101,0,34
jev,A,2be759485bc70e8c2517,kroA150,1,feasible,True,43457,63.84029558136027,148,0,,,24.916157472180203,,27.23407234600745,0.7787408200092614,0,62
qwen4,A,74327333c84cc9c9fce9,kroB200,0,feasible,True,157237,434.14750144376126,198,0,,,277.9542395975441,,281.7719449028373,1.6742846050765365,0,0
qwen4,A,1a20d32aab67439dbaec,tsp225,2,feasible,True,21445,447.62512768130745,223,0,,,274.1559587207157,,281.2994904939551,2.2902859281748533,0,0
qwen4,A,60f6300678dd72dc82e5,kroA150,2,feasible,True,126243,375.95762328457243,148,0,,,218.56645867740735,,220.24943041079678,0.7633012349251658,0,0
qwen4,A,2bb94d12a8bd02f6cf08,tsp225,0,feasible,True,26398,574.1062308478039,223,0,,,271.5022395569831,,278.72216148511507,2.2976243239827454,0,0
qwen4,A,da0bb64096b3ee6b6b8d,bier127,2,feasible,True,350059,195.9528922405776,125,0,,,134.47713319188915,,135.77128042909317,0.4931356629822403,0,0
qwen4,A,7482ef052dd60cb7c2f0,kroA100,1,feasible,True,65182,206.277605488206,98,0,,,102.76394522446208,,103.48673772392794,0.26760458294302225,0,0
qwen4,A,6d21d1a66f187f5f7035,kroB200,1,feasible,True,156568,431.8748513775181,198,0,,,189.311781643657,,193.4598914280068,1.6515595759265125,0,0
qwen4,A,b9db0e2302f251b2cb8b,kroB100,2,feasible,True,66345,199.64771238878097,98,0,,,96.1775371923577,,96.94172266707756,0.26731714489869773,0,0
qwen4,A,47e8ae743e5114e85867,kroB100,0,feasible,True,67883,206.594101440766,98,0,,,87.3836122804787,,88.16612499114126,0.26782616088166833,0,0
qwen4,A,c4a1ab4447bdf3dade04,kroA100,2,feasible,True,70365,230.63151959402313,98,0,,,85.79233495471999,,86.58462978200987,0.2660553159657866,0,0
qwen4,A,d5cf18645ce3212f5314,bier127,0,feasible,True,363014,206.90553085000252,125,0,,,113.77121892408468,,115.26791401393712,0.49650151701644063,0,0
qwen4,A,9d28b5267d7a888ca8ad,kroA150,0,feasible,True,137385,417.96486201176293,148,0,,,120.20883907750249,,122.47977586905472,0.7649618769064546,0,0
qwen4,A,2448ac56127dbfb1ee7e,bier127,1,feasible,True,367045,210.31348810469893,125,0,,,98.3731820830144,,99.98682360909879,0.4942532880231738,0,0
qwen4,A,8ce2bcba3b1364fdcc77,kroC100,1,feasible,True,58250,180.7364210323389,98,0,,,47.0628137299791,,47.93387032602914,0.26913780090399086,0,0
qwen4,A,044225a6f2e770ef55e2,kroB200,2,feasible,True,158194,437.3985120766382,198,0,,,193.93380833347328,,198.80265267100185,1.6782669271342456,0,0
qwen4,A,121d82f7209f92abacaa,kroB100,1,feasible,True,61365,177.15550336479834,98,0,,,88.58443497586995,,89.45980864297599,0.2680716479662806,0,0
qwen4,A,32a4d86692db8d853591,kroA100,0,feasible,True,64364,202.4339817686308,98,0,,,74.43628113693558,,75.3285311050713,0.26862879493273795,0,0
qwen4,A,8a04cce0cc5004870e69,kroC100,0,feasible,True,64093,208.89681430430383,98,0,,,101.07002099743113,,101.94995947903953,0.26645972789265215,0,0
qwen4,A,8ba7072288c2145a4cfd,tsp225,1,feasible,True,23511,500.3830439223698,223,0,,,276.79231212474406,,283.8322500018403,2.290391620947048,0,0
qwen4,A,b4e30346b4fe00bc1b40,kroC100,2,feasible,True,66868,222.2709528170032,98,0,,,75.92072583548725,,76.79765053698793,0.2679947051219642,0,0
qwen4,A,2be759485bc70e8c2517,kroA150,1,feasible,True,127883,382.14070275976474,148,0,,,74.07092175120488,,76.37325623794459,0.7653673791792244,0,0
qwen9,A,74327333c84cc9c9fce9,kroB200,0,feasible,True,110990,277.04249753711315,198,0,,,400.44893150916323,,404.38255581003614,1.6526737599633634,0,0
qwen9,A,1a20d32aab67439dbaec,tsp225,2,feasible,True,28399,625.2042900919306,223,0,,,420.5023547846358,,427.5069893100299,2.2895304050762206,0,0
qwen9,A,60f6300678dd72dc82e5,kroA150,2,feasible,True,153664,479.3394661438697,148,0,,,327.9728953524027,,329.9600601508282,0.7658755448646843,0,0
qwen9,A,2bb94d12a8bd02f6cf08,tsp225,0,feasible,True,30617,681.8437180796732,223,0,,,417.8271830731537,,425.15282131917775,2.253362121991813,0,0
qwen9,A,da0bb64096b3ee6b6b8d,bier127,2,feasible,True,399125,237.4351126967755,125,0,,,206.75541913555935,,208.07713373890147,0.4961537360213697,0,0
qwen9,A,7482ef052dd60cb7c2f0,kroA100,1,feasible,True,71947,238.06503148200355,98,0,,,153.77619610424154,,154.55551038496196,0.2657648881431669,0,0
qwen9,A,6d21d1a66f187f5f7035,kroB200,1,feasible,True,172921,487.42738730169515,198,0,,,275.2886044338811,,280.00976919499226,1.6742690841201693,0,0
qwen9,A,b9db0e2302f251b2cb8b,kroB100,2,feasible,True,101084,356.5466781084865,98,0,,,137.73970685829408,,138.59183897916228,0.26568181393668056,0,0
qwen9,A,47e8ae743e5114e85867,kroB100,0,feasible,True,86406,290.2533760896075,98,0,,,136.0717338817194,,136.9590284829028,0.2662093108519912,0,0
qwen9,A,c4a1ab4447bdf3dade04,kroA100,2,feasible,True,75285,253.74964758951228,98,0,,,121.74712954415008,,122.63396733882837,0.26723010186105967,0,0
qwen9,A,d5cf18645ce3212f5314,bier127,0,feasible,True,405887,243.15195887793578,125,0,,,168.53867346141487,,170.0440648959484,0.49543990404345095,0,0
qwen9,A,9d28b5267d7a888ca8ad,kroA150,0,feasible,True,151954,472.89247473985824,148,0,,,176.02043569996022,,178.4571173840668,0.7626707160379738,0,0
qwen9,A,2448ac56127dbfb1ee7e,bier127,1,feasible,True,445228,276.4123028017788,125,0,,,140.57167904288508,,142.18045625998639,0.49454980599693954,0,0
qwen9,A,8ce2bcba3b1364fdcc77,kroC100,1,feasible,True,83141,300.69882885922215,98,0,,,72.46068635489792,,73.32919553318061,0.2655387008562684,0,0
qwen9,A,044225a6f2e770ef55e2,kroB200,2,feasible,True,143201,386.4660121615654,198,0,,,318.5982301684562,,323.43414706992917,1.6764393709599972,0,0
qwen9,A,121d82f7209f92abacaa,kroB100,1,feasible,True,56516,155.25495686735016,98,0,,,132.41109089786187,,133.30807435885072,0.2683842780534178,0,0
qwen9,A,32a4d86692db8d853591,kroA100,0,feasible,True,103906,388.2341885161169,98,0,,,121.35638251015916,,122.23758208798245,0.26757903303951025,0,0
qwen9,A,8a04cce0cc5004870e69,kroC100,0,feasible,True,99987,381.88828377271193,98,0,,,137.11452146829106,,138.0046922750771,0.26707365782931447,0,0
qwen9,A,8ba7072288c2145a4cfd,tsp225,1,feasible,True,33877,765.0919305413687,223,0,,,422.92125875502825,,430.3919828920625,2.2582098508719355,0,0
qwen9,A,b4e30346b4fe00bc1b40,kroC100,2,feasible,True,76161,267.0586534290809,98,0,,,123.02734364313073,,123.89858039305545,0.2671600899193436,0,0
qwen9,A,2be759485bc70e8c2517,kroA150,1,feasible,True,146992,454.18488915698987,148,0,,,114.13042712793685,,116.4675101658795,0.7662872781511396,0,0
jev,B,da0bb64096b3ee6b6b8d,bier127,2,feasible,True,160085,35.34181025008032,71,54,0.09192127268761396,0.023087620036676526,7.1991378457751125,7.387886172160506,,0.18230621912516654,0,0
jev,C,c4a1ab4447bdf3dade04,kroA100,2,feasible,True,28504,33.934780565736304,49,49,0.055114529794082046,0.007022285833954811,5.296070893993601,5.409425407880917,,0.12726922589354217,0,0
jev,B,6d21d1a66f187f5f7035,kroB200,1,incomplete,False,,,1,2,0.0015329779125750065,0.028061753837391734,19.84690414206125,19.891976988874376,,0.07642763201147318,1,0
jev,C,7482ef052dd60cb7c2f0,kroA100,1,feasible,True,26309,23.620900291326002,48,50,0.05517869698815048,0.007019666023552418,4.658356575993821,4.771726786857471,,0.12452288111671805,0,0
jev,C,1a20d32aab67439dbaec,tsp225,2,feasible,True,5235,33.68232890704801,117,106,0.2592905827332288,0.034498831955716014,13.460437425179407,13.921798317926005,,0.6285540389362723,0,1
jev,B,2bb94d12a8bd02f6cf08,tsp225,0,feasible,True,5450,39.17262512768131,127,96,0.26760227466002107,0.03395281406119466,15.252051600487903,15.722316825995222,,0.5889580107759684,0,0
jev,B,8a04cce0cc5004870e69,kroC100,0,feasible,True,25635,23.54812280109885,42,56,0.04849212896078825,0.006860251072794199,3.734123761765659,3.8369474860373884,,0.11713832407258451,0,0
jev,B,2be759485bc70e8c2517,kroA150,1,feasible,True,32617,22.971648318503995,85,63,0.12458400661125779,0.015358832897618413,8.992406262550503,9.223541400860995,,0.25179264787584543,0,0
jev,C,121d82f7209f92abacaa,kroB100,1,feasible,True,29365,32.62725260828327,52,46,0.05547441961243749,0.006799858994781971,6.061558230081573,6.176346955122426,,0.12272561597637832,0,0
jev,B,9d28b5267d7a888ca8ad,kroA150,0,feasible,True,34924,31.669431458301915,90,58,0.13345995894633234,0.015049263136461377,10.276824075728655,10.513960654148832,,0.2370056922081858,0,0
jev,C,2bb94d12a8bd02f6cf08,tsp225,0,feasible,True,4856,24.004085801838613,115,108,0.2629128089174628,0.034551522927358747,14.562851234106347,15.024618589086458,,0.6234851530753076,0,0
jev,B,8ba7072288c2145a4cfd,tsp225,1,feasible,True,5415,38.278855975485186,144,79,0.29946223949082196,0.03470071800984442,17.962243107380345,18.480955774895847,,0.6837714479770511,0,1
jev,B,7482ef052dd60cb7c2f0,kroA100,1,feasible,True,26502,24.527769946433605,46,52,0.05413179565221071,0.007271063979715109,4.4332431787624955,4.5452807389665395,,0.11312952102161944,0,0
jev,C,47e8ae743e5114e85867,kroB100,0,feasible,True,28478,28.621110157626124,50,48,0.055238629691302776,0.006725376937538385,5.085153909632936,5.197279580868781,,0.12114743702113628,0,0
jev,B,1a20d32aab67439dbaec,tsp225,2,feasible,True,5744,46.6802860061287,121,102,0.2606452680192888,0.03451204183511436,15.464388418011367,15.925925420830026,,0.6022642508614808,0,0
jev,B,d5cf18645ce3212f5314,bier127,0,feasible,True,151990,28.497996313893914,69,56,0.09085011528804898,0.010829452890902758,8.241173337446526,8.411884967936203,,0.16333153494633734,0,0
jev,B,8ce2bcba3b1364fdcc77,kroC100,1,feasible,True,27469,32.387102992915324,46,52,0.04944532224908471,0.006933673983439803,5.057301263092086,5.160999384941533,,0.11804842203855515,0,0
jev,C,8a04cce0cc5004870e69,kroC100,0,feasible,True,25635,23.54812280109885,42,56,0.05369634204544127,0.007014305097982287,4.804329053265974,4.9151858310215175,,0.11940156319178641,0,0
jev,C,60f6300678dd72dc82e5,kroA150,2,feasible,True,34094,28.540190016588753,87,61,0.13021512399427593,0.015220788074657321,10.122091479832307,10.364938199985772,,0.2774541461840272,0,0
jev,C,74327333c84cc9c9fce9,kroB200,0,feasible,True,38612,31.168257634949214,111,87,0.2195495010819286,0.027413544012233615,13.734444288304076,14.120423899032176,,0.5289057542104274,0,1
jev,B,32a4d86692db8d853591,kroA100,0,feasible,True,27541,29.40982990320459,48,50,0.05498712998814881,0.007054027169942856,5.556218271609396,5.668644324177876,,0.12036932283081114,0,0
jev,C,d5cf18645ce3212f5314,bier127,0,feasible,True,137429,16.187585600514026,65,60,0.08970830333419144,0.01347392494790256,7.076382326427847,7.253206577850506,,0.18523865891620517,0,0
jev,C,2be759485bc70e8c2517,kroA150,1,feasible,True,32959,24.261046599306287,83,65,0.12044153641909361,0.015232409117743373,10.790015821810812,11.014169945148751,,0.2670012458693236,0,0
jev,B,b4e30346b4fe00bc1b40,kroC100,2,feasible,True,25023,20.59858306424406,41,57,0.04731293907389045,0.006909732008352876,4.023001911351457,4.122742998879403,,0.11272108810953796,0,0
jev,C,2448ac56127dbfb1ee7e,bier127,1,feasible,True,147899,25.0393128286637,65,60,0.08937811385840178,0.010848772944882512,7.578535288805142,7.748038223013282,,0.18381092511117458,0,0
jev,B,b9db0e2302f251b2cb8b,kroB100,2,feasible,True,27577,24.551736597262995,47,51,0.05189918912947178,0.006968423957005143,5.093004848342389,5.198587870923802,,0.09097234904766083,0,0
jev,C,6d21d1a66f187f5f7035,kroB200,1,feasible,True,38194,29.748275979209836,106,92,0.1998445624485612,0.02756267786026001,12.960465024458244,13.30985770886764,,0.42634039814583957,0,0
jev,B,044225a6f2e770ef55e2,kroB200,2,feasible,True,36636,24.455617080544894,107,91,0.20855407835915685,0.02768449205905199,13.281089939409867,13.650164949940518,,0.44586995895951986,0,0
jev,C,b4e30346b4fe00bc1b40,kroC100,2,feasible,True,24857,19.79854450816907,41,57,0.05099119828082621,0.006933123106136918,4.29830584442243,4.403901290148497,,0.11763256904669106,0,0
jev,B,47e8ae743e5114e85867,kroB100,0,feasible,True,28478,28.621110157626124,50,48,0.055754000786691904,0.00694698398001492,5.743716167286038,5.858093852875754,,0.12457300280220807,0,0
jev,C,8ba7072288c2145a4cfd,tsp225,1,feasible,True,4951,26.430030643513792,123,100,0.35381552460603416,0.03551486320793629,16.830678399885073,17.384725376032293,,0.5705068130046129,0,0
jev,B,74327333c84cc9c9fce9,kroB200,0,feasible,True,40017,35.94116248258994,97,101,0.2006544410251081,0.028086703969165683,12.675454720621929,13.032225507078692,,0.42973232199437916,0,0
jev,B,60f6300678dd72dc82e5,kroA150,2,feasible,True,37300,40.62735635650731,85,63,0.12322772899642587,0.015196828171610832,9.730689984513447,9.95607485016808,,0.23996192310005426,0,0
jev,B,121d82f7209f92abacaa,kroB100,1,feasible,True,30354,37.09407885822682,44,54,0.05387552594766021,0.006977705052122474,3.929057074012235,4.037483345950022,,0.08721416303887963,0,0
jev,C,9d28b5267d7a888ca8ad,kroA150,0,feasible,True,35174,32.61197406122756,91,57,0.13067224505357444,0.015505027025938034,11.164373541250825,11.403490744065493,,0.28211354999803007,0,0
jev,C,b9db0e2302f251b2cb8b,kroB100,2,feasible,True,28343,28.011381599747075,48,50,0.050793732050806284,0.006919332779943943,5.808019303716719,5.91500494396314,,0.1241650809533894,0,0
jev,C,8ce2bcba3b1364fdcc77,kroC100,1,feasible,True,27489,32.483493180394234,46,52,0.04709364124573767,0.006884332047775388,4.931413310579956,5.032841610955074,,0.1826049080118537,0,0
jev,C,da0bb64096b3ee6b6b8d,bier127,2,feasible,True,148831,25.82726027628887,67,58,0.09161069081164896,0.011216445127502084,7.191914395662025,7.368454542942345,,0.19509732304140925,0,0
jev,C,044225a6f2e770ef55e2,kroB200,2,feasible,True,39006,32.5067092434691,101,97,0.2081664176657796,0.027003571158275008,11.399065147852525,11.76869399100542,,0.5298054008744657,0,0
jev,B,c4a1ab4447bdf3dade04,kroA100,2,feasible,True,28504,33.934780565736304,49,49,0.05399211682379246,0.006958433892577887,5.013119995128363,5.123886622022837,,0.12183667905628681,0,0
jev,C,32a4d86692db8d853591,kroA100,0,feasible,True,27904,31.11549666384738,50,48,0.05519451969303191,0.006791390012949705,4.862113666487858,4.976038763998076,,0.123768778052181,0,0
jev,B,2448ac56127dbfb1ee7e,bier127,1,feasible,True,147899,25.0393128286637,65,60,0.09095150069333613,0.011013019131496549,6.206639460520819,6.38063921011053,,0.19157129409722984,0,1
qwen4,B,da0bb64096b3ee6b6b8d,bier127,2,feasible,True,163414,38.156270607531155,69,56,0.08282204158604145,0.011570096015930176,49.88933676038869,50.05566193908453,,0.18826257204636931,0,0
qwen4,C,c4a1ab4447bdf3dade04,kroA100,2,feasible,True,27706,30.18513297622404,54,44,0.054217007011175156,0.00710690813139081,36.480395189486444,36.590690847020596,,0.09705047612078488,0,0
qwen4,B,6d21d1a66f187f5f7035,kroB200,1,feasible,True,39901,35.54710058769576,100,98,0.18188905832357705,0.027499517193064094,67.74708958598785,68.083038788056,,0.49574468308128417,0,0
qwen4,C,7482ef052dd60cb7c2f0,kroA100,1,feasible,True,28171,32.37007800018795,49,49,0.05527290282770991,0.0070004460867494345,33.580218844348565,33.69232725002803,,0.09237492200918496,0,0
qwen4,C,1a20d32aab67439dbaec,tsp225,2,feasible,True,5268,34.52502553626149,121,102,0.24454786768183112,0.03373209782876074,89.78194181271829,90.2253004128579,,0.6537287740502506,0,0
qwen4,B,2bb94d12a8bd02f6cf08,tsp225,0,feasible,True,5218,33.24821246169561,108,115,0.23512030532583594,0.03391116298735142,73.66304965736344,74.08907042210922,,0.6282044390682131,0,0
qwen4,B,8a04cce0cc5004870e69,kroC100,0,feasible,True,30225,45.66967082750976,45,53,0.04808669746853411,0.0068235499784350395,32.88138324976899,32.98547419114038,,0.12026277999393642,0,0
qwen4,B,2be759485bc70e8c2517,kroA150,1,feasible,True,37007,39.52269642587845,80,68,0.19507088651880622,0.01537821302190423,49.44718375010416,49.74624105799012,,0.23612523498013616,0,0
qwen4,C,121d82f7209f92abacaa,kroB100,1,feasible,True,30219,36.48435030034777,54,44,0.06039791856892407,0.006803289987146854,31.362794214393944,31.486549861961976,,0.1320228718686849,0,0
qwen4,B,9d28b5267d7a888ca8ad,kroA150,0,feasible,True,43205,62.89021263761122,92,56,0.13811180391348898,0.015923710074275732,67.72518236329779,67.97557885106653,,0.2709017749875784,0,0
qwen4,C,2bb94d12a8bd02f6cf08,tsp225,0,feasible,True,5728,46.27170582226762,152,71,0.3189306864514947,0.03404498798772693,108.2882371218875,108.84429564513266,,0.6570066849235445,0,0
qwen4,B,8ba7072288c2145a4cfd,tsp225,1,feasible,True,6336,61.79775280898876,138,85,0.29644781071692705,0.036561544984579086,97.87253433605656,98.39010469894856,,0.6889007661957294,0,0
qwen4,B,7482ef052dd60cb7c2f0,kroA100,1,feasible,True,32437,52.41518654261817,53,45,0.05850534839555621,0.007009246153756976,38.39528890163638,38.51474611717276,,0.13080282392911613,0,0
qwen4,C,47e8ae743e5114e85867,kroB100,0,feasible,True,28538,28.892100627794587,56,42,0.06138916569761932,0.006924173096194863,38.82244379608892,38.946133109973744,,0.13668100512586534,0,0
qwen4,B,1a20d32aab67439dbaec,tsp225,2,feasible,True,4960,26.65985699693565,110,113,0.24985908321104944,0.03482673084363341,65.9387794053182,66.38796919281594,,0.617206780007109,0,0
qwen4,B,d5cf18645ce3212f5314,bier127,0,feasible,True,177505,50.069325848396204,73,52,0.09653673437424004,0.011348049156367779,40.254937280667946,40.43898793216795,,0.19603570085018873,0,0
qwen4,B,8ce2bcba3b1364fdcc77,kroC100,1,feasible,True,30731,48.1083425707263,53,45,0.05803702655248344,0.00691834301687777,26.936820594826713,27.05667244293727,,0.13313354598358274,0,0
qwen4,C,8a04cce0cc5004870e69,kroC100,0,feasible,True,27091,30.565328449563832,51,47,0.05817167041823268,0.007067867089062929,27.514627892291173,27.63335518608801,,0.1327429439406842,0,0
qwen4,C,60f6300678dd72dc82e5,kroA150,2,feasible,True,35208,32.74015985522546,71,77,0.11830115877091885,0.015317671000957489,51.19648504559882,51.42171818902716,,0.2507100640796125,0,0
qwen4,C,74327333c84cc9c9fce9,kroB200,0,feasible,True,40004,35.89700037367938,100,98,0.21238519856706262,0.02814488601870835,67.38871655333787,67.76923184189945,,0.5044973518233746,0,0
qwen4,B,32a4d86692db8d853591,kroA100,0,feasible,True,29183,37.125270181373935,48,50,0.05839674291200936,0.006974034942686558,33.235870939912274,33.35615147603676,,0.12864120793528855,0,0
qwen4,C,d5cf18645ce3212f5314,bier127,0,feasible,True,149178,26.120626976209397,74,51,0.10667203436605632,0.011174604063853621,50.30596054298803,50.504422336118296,,0.20492016500793397,0,0
qwen4,C,2be759485bc70e8c2517,kroA150,1,feasible,True,34593,30.42150505202835,84,64,0.13090001977980137,0.01567155192606151,53.02200472634286,53.26978856092319,,0.2689480350818485,0,0
qwen4,B,b4e30346b4fe00bc1b40,kroC100,2,feasible,True,29215,40.80196635982457,52,46,0.05703415861353278,0.006882261950522661,30.958319671684876,31.07549565494992,,0.12974404101260006,0,0
qwen4,C,2448ac56127dbfb1ee7e,bier127,1,feasible,True,173803,46.939517424460185,78,47,0.10381763218902051,0.01112411287613213,52.02044581039809,52.22041780408472,,0.20970794302411377,0,0
qwen4,B,b9db0e2302f251b2cb8b,kroB100,2,feasible,True,29447,32.99760625084684,57,41,0.06121781142428517,0.007003945065662265,35.408704246394336,35.53677576291375,,0.1323615030851215,0,0
qwen4,C,6d21d1a66f187f5f7035,kroB200,1,feasible,True,43064,46.29208139416381,116,82,0.2283571793232113,0.0274253839161247,83.0329801524058,83.43575867102481,,0.4708887981250882,0,0
qwen4,B,044225a6f2e770ef55e2,kroB200,2,feasible,True,42789,45.35788293644053,108,90,0.2179115335457027,0.02726333891041577,75.84684146987274,76.22539718681946,,0.4795069640967995,0,0
qwen4,C,b4e30346b4fe00bc1b40,kroC100,2,feasible,True,27677,33.389560942696036,42,56,0.05514217191375792,0.006949014030396938,26.711148788919672,26.825952184852213,,0.08652875502593815,0,0
qwen4,B,47e8ae743e5114e85867,kroB100,0,feasible,True,33360,50.670701413666954,57,41,0.06495289667509496,0.006890652934089303,37.81577100837603,37.947803321061656,,0.12760152481496334,0,0
qwen4,C,8ba7072288c2145a4cfd,tsp225,1,feasible,True,5208,32.99284984678243,128,95,0.2952798556070775,0.03468834306113422,86.16551594994962,86.68827407388017,,0.6179949750658125,0,0
qwen4,B,74327333c84cc9c9fce9,kroB200,0,feasible,True,44060,49.675578353772465,108,90,0.2175734769552946,0.027640544110909104,72.38598368922248,72.76368256798014,,0.43741862289607525,0,0
qwen4,B,60f6300678dd72dc82e5,kroA150,2,feasible,True,36344,37.02307344291962,77,71,0.12381181819364429,0.015760747017338872,49.198899384588,49.43025709595531,,0.3148369330447167,0,0
qwen4,B,121d82f7209f92abacaa,kroB100,1,feasible,True,32048,44.74504313264983,49,49,0.059464409947395325,0.006844070972874761,31.444798237178475,31.567846142919734,,0.12550008995458484,0,0
qwen4,C,9d28b5267d7a888ca8ad,kroA150,0,feasible,True,37054,39.69989443522847,84,64,0.131219134433195,0.01536494493484497,53.784510182915255,54.029381030006334,,0.26386142801493406,0,0
qwen4,C,b9db0e2302f251b2cb8b,kroB100,2,feasible,True,28161,27.189377173569397,51,47,0.060739065520465374,0.007010356988757849,31.155093744164333,31.280612643109635,,0.1313480599783361,0,0
qwen4,C,8ce2bcba3b1364fdcc77,kroC100,1,feasible,True,29984,44.50816906838884,52,46,0.058308296371251345,0.0069943859707564116,30.886468940181658,31.009149400983006,,0.133606230141595,0,0
qwen4,C,da0bb64096b3ee6b6b8d,bier127,2,feasible,True,178244,50.694103921137625,71,54,0.10085375676862895,0.01133215008303523,44.486924834316596,44.68138352315873,,0.20155670121312141,0,0
qwen4,C,044225a6f2e770ef55e2,kroB200,2,feasible,True,39700,34.86428644223257,108,90,0.21784592187032104,0.02741539804264903,52.676943462807685,53.068275737110525,,0.475539221893996,0,0
qwen4,B,c4a1ab4447bdf3dade04,kroA100,2,feasible,True,29580,38.99069636312377,49,49,0.05681031779386103,0.006962195038795471,31.1464477609843,31.262637987034395,,0.09229016304016113,0,0
qwen4,C,32a4d86692db8d853591,kroA100,0,feasible,True,30313,42.434921529931394,50,48,0.05814296565949917,0.006803219905123115,31.05930268159136,31.17863314994611,,0.09653997491113842,0,0
qwen4,B,2448ac56127dbfb1ee7e,bier127,1,feasible,True,172899,46.1752422177508,70,55,0.09245427581481636,0.011122823925688863,30.100122486473992,30.282685982063413,,0.20120775001123548,0,0
qwen9,B,da0bb64096b3ee6b6b8d,bier127,2,feasible,True,149891,26.723423682386162,76,49,0.08800276438705623,0.011577317025512457,83.44935013819486,83.62121877912432,,0.20337942685000598,0,0
qwen9,C,c4a1ab4447bdf3dade04,kroA100,2,feasible,True,25345,19.09125082229114,56,42,0.05306988419033587,0.007719557965174317,60.84110163571313,60.9534127919469,,0.1245666821487248,0,0
qwen9,B,6d21d1a66f187f5f7035,kroB200,1,feasible,True,41908,42.36505078642524,108,90,0.19481391366571188,0.029522899072617292,117.37419867771678,117.73176893615164,,0.4609874039888382,0,0
qwen9,C,7482ef052dd60cb7c2f0,kroA100,1,feasible,True,27660,29.968987877079222,55,43,0.05497731268405914,0.007123908959329128,58.75158138806,58.86464061494917,,0.10070552793331444,0,0
qwen9,C,1a20d32aab67439dbaec,tsp225,2,feasible,True,5141,31.28192032686415,119,104,0.2671667344402522,0.03478255006484687,134.7662476929836,135.24443674692884,,0.6537250839173794,0,0
qwen9,B,2bb94d12a8bd02f6cf08,tsp225,0,feasible,True,4964,26.762002042900917,116,107,0.2638329246547073,0.03426336403936148,127.61639022524469,128.08584181102924,,0.5738839369732887,0,0
qwen9,B,8a04cce0cc5004870e69,kroC100,0,feasible,True,29188,40.671839606728035,48,50,0.05269679659977555,0.00681120902299881,51.45341024058871,51.56512565189041,,0.12816324410960078,0,0
qwen9,B,2be759485bc70e8c2517,kroA150,1,feasible,True,40276,51.84738350173428,91,57,0.13599786395207047,0.01565309101715684,96.85013829101808,97.1050981010776,,0.2728387650568038,0,0
qwen9,C,121d82f7209f92abacaa,kroB100,1,feasible,True,26666,20.43719795853846,45,53,0.0581970470957458,0.006860841065645218,43.33349980553612,43.45137454709038,,0.1176048091147095,0,0
qwen9,B,9d28b5267d7a888ca8ad,kroA150,0,feasible,True,40363,52.175388327552405,97,51,0.20049182325601578,0.015433165011927485,107.46465454320423,107.78622847003862,,0.2871075738221407,0,0
qwen9,C,2bb94d12a8bd02f6cf08,tsp225,0,feasible,True,5008,27.8855975485189,126,97,0.2690815362147987,0.034596704877913,145.88382011372596,146.3663361580111,,0.6441079380456358,0,0
qwen9,B,8ba7072288c2145a4cfd,tsp225,1,feasible,True,4782,22.1144024514811,106,117,0.2549274426419288,0.03476346889510751,122.56095637008548,123.01421167585067,,0.5575897758826613,0,0
qwen9,B,7482ef052dd60cb7c2f0,kroA100,1,feasible,True,30259,42.18118597876139,64,34,0.07131451996974647,0.006949064088985324,65.57556498539634,65.71589092514478,,0.1356383841484785,0,0
qwen9,C,47e8ae743e5114e85867,kroB100,0,feasible,True,30782,39.02714421209521,48,50,0.058218837482854724,0.006876562023535371,50.445079257013276,50.563100872095674,,0.13010370288975537,0,0
qwen9,B,1a20d32aab67439dbaec,tsp225,2,feasible,True,5209,33.01838610827375,110,113,0.2553482016082853,0.034417208982631564,109.20320126484148,109.66249917494133,,0.5721109779551625,0,0
qwen9,B,d5cf18645ce3212f5314,bier127,0,feasible,True,158397,33.91471229772915,77,48,0.0982290378306061,0.011512333992868662,76.16719117900357,76.35802303114906,,0.19015852897427976,0,0
qwen9,B,8ce2bcba3b1364fdcc77,kroC100,1,feasible,True,28141,35.62581329220686,56,42,0.06181164691224694,0.006769368192180991,50.06141050369479,50.18668706319295,,0.09612309094518423,0,0
qwen9,C,8a04cce0cc5004870e69,kroC100,0,feasible,True,26617,28.280881006313557,43,55,0.05546135734766722,0.006861940957605839,38.343930152244866,38.45491062896326,,0.08836994087323546,0,0
qwen9,C,60f6300678dd72dc82e5,kroA150,2,feasible,True,35304,33.102096214748904,78,70,0.12463247054256499,0.015669194981455803,85.92829229938798,86.16379797901027,,0.2705129731912166,0,0
qwen9,C,74327333c84cc9c9fce9,kroB200,0,feasible,True,36833,25.12484288480484,104,94,0.22218112484551966,0.027197641087695956,112.2472754730843,112.64243326708674,,0.5097368988208473,0,0
qwen9,B,32a4d86692db8d853591,kroA100,0,feasible,True,29913,40.55539892867211,48,50,0.057457961374893785,0.0069429047871381044,52.55876315617934,52.67699229088612,,0.12744905008003116,0,0
qwen9,C,d5cf18645ce3212f5314,bier127,0,feasible,True,139448,17.8945232579767,64,61,0.09490537480451167,0.011386331869289279,68.32727682497352,68.51111625903286,,0.19734725099988282,0,0
qwen9,C,2be759485bc70e8c2517,kroA150,1,feasible,True,33026,24.513648016890365,79,69,0.12836215319111943,0.015430456958711147,80.0893645233009,80.32888441998512,,0.26341632287949324,0,0
qwen9,B,b4e30346b4fe00bc1b40,kroC100,2,feasible,True,33707,62.45120246758879,61,37,0.06800636323168874,0.007078088819980621,56.62848112056963,56.765847448958084,,0.1393063268624246,0,0
qwen9,C,2448ac56127dbfb1ee7e,bier127,1,feasible,True,131455,11.136943913697774,59,66,0.09069908410310745,0.011393101885914803,55.3069991520606,55.48437671200372,,0.1899236908648163,0,0
qwen9,B,b9db0e2302f251b2cb8b,kroB100,2,feasible,True,30093,35.91527031299399,44,54,0.05546908313408494,0.006837871856987476,41.55926696606912,41.67421077587642,,0.1265677830670029,0,0
qwen9,C,6d21d1a66f187f5f7035,kroB200,1,feasible,True,37959,28.94996093351904,109,89,0.22302214126102626,0.027505500940605998,133.22256699064746,133.62246449291706,,0.46912277210503817,0,0
qwen9,B,044225a6f2e770ef55e2,kroB200,2,feasible,True,39104,32.83962360294867,104,94,0.21262223343364894,0.02751113986596465,119.29161242069677,119.67539065284654,,0.48964272788725793,0,0
qwen9,C,b4e30346b4fe00bc1b40,kroC100,2,feasible,True,23909,15.229649621668514,39,59,0.05005676276050508,0.007002076134085655,45.11450345488265,45.22213302110322,,0.12282272684387863,0,0
qwen9,B,47e8ae743e5114e85867,kroB100,0,feasible,True,33681,52.12050042906824,54,44,0.06313150119967759,0.006840051151812077,58.135366599075496,58.26585289207287,,0.13362888200208545,0,0
qwen9,C,8ba7072288c2145a4cfd,tsp225,1,feasible,True,5404,37.99795709908069,118,105,0.278039449127391,0.03395880898460746,128.1933079357259,128.680876230821,,0.5967724788933992,0,0
qwen9,B,74327333c84cc9c9fce9,kroB200,0,feasible,True,38110,29.46292081394164,104,94,0.21854267199523747,0.027231571963056922,105.80355407483876,106.20044370903634,,0.4494580749887973,0,0
qwen9,B,60f6300678dd72dc82e5,kroA150,2,feasible,True,37782,42.44457849494797,80,68,0.1240126604679972,0.015591233037412167,78.97073237295263,79.21062016906217,,0.2606790589634329,0,0
qwen9,B,121d82f7209f92abacaa,kroB100,1,feasible,True,35517,60.4128088162233,62,36,0.06618468160741031,0.006997225806117058,56.51828664611094,56.65928830485791,,0.13704959698952734,0,0
qwen9,C,9d28b5267d7a888ca8ad,kroA150,0,feasible,True,33864,27.67305082189715,88,60,0.1372172785922885,0.015197069151327014,91.06376209156588,91.32052701013163,,0.24299555318430066,0,0
qwen9,C,b9db0e2302f251b2cb8b,kroB100,2,feasible,True,28039,26.638363217560183,49,49,0.05824453290551901,0.007038237992674112,51.76788796437904,51.88818053412251,,0.12852207385003567,0,0
qwen9,C,8ce2bcba3b1364fdcc77,kroC100,1,feasible,True,26454,27.495300978360405,46,52,0.05617734626866877,0.006891363998875022,47.563667964423075,47.68082307302393,,0.12418692908249795,0,0
qwen9,C,da0bb64096b3ee6b6b8d,bier127,2,feasible,True,149393,26.302395968955544,71,54,0.10347276064567268,0.011281308950856328,71.89537279075012,72.09692305605859,,0.19923044904135168,0,0
qwen9,C,044225a6f2e770ef55e2,kroB200,2,feasible,True,39204,33.17933213302986,97,101,0.20889252237975597,0.02668435499072075,85.69701355486177,86.07850641198456,,0.44232325395569205,0,0
qwen9,B,c4a1ab4447bdf3dade04,kroA100,2,feasible,True,27742,30.354290010337376,49,49,0.0587912134360522,0.00682944105938077,51.55756736150943,51.6798233021982,,0.1274328101426363,0,0
qwen9,C,32a4d86692db8d853591,kroA100,0,feasible,True,27829,30.763086176111266,55,43,0.0640508325304836,0.007030376931652427,44.3327417478431,44.46642345795408,,0.13396470109000802,0,0
qwen9,B,2448ac56127dbfb1ee7e,bier127,1,feasible,True,150019,26.831639640858292,74,51,0.10202313913032413,0.011273098178207874,49.61837060586549,49.82077582902275,,0.2029692749492824,0,0
