method,instance_id,dataset_id,replicate,seed,feasible,objective,gap_percent,calls,solve_wall_seconds,setup_seconds,candidate_seconds,verification_seconds,forced_candidate_steps
nearest,74327333c84cc9c9fce9,kroB200,0,20260929,True,38612,31.168257634949214,0,0.11997571191750467,0.02690042811445892,0.08643107675015926,0.16291943308897316,87
one_step_lookahead,74327333c84cc9c9fce9,kroB200,0,20260929,True,45797,55.57631552128274,0,0.1181060338858515,0.026886157924309373,0.08477141405455768,0.16267396486364305,90
return_reserve,74327333c84cc9c9fce9,kroB200,0,20260929,True,33185,12.732275707443014,0,0.11636820109561086,0.02670418214984238,0.08311914140358567,0.16268681618385017,93
isolation_priority,74327333c84cc9c9fce9,kroB200,0,20260929,True,38003,29.099432686754767,0,0.11312159011140466,0.0268702560570091,0.0796522859018296,0.16243892791680992,101
shortest_edge_selector,74327333c84cc9c9fce9,kroB200,0,20260929,True,38612,31.168257634949214,0,0.1204801369458437,0.026782103814184666,0.08696973323822021,0.16235327487811446,87
nearest_neighbor,74327333c84cc9c9fce9,kroB200,0,20260929,True,38612,31.168257634949214,0,0.0548499277792871,0.026840015780180693,0.0,0.016729725059121847,0
nearest_neighbor_two_opt,74327333c84cc9c9fce9,kroB200,0,20260929,True,31214,6.0366205795427526,0,0.1753312849905342,0.02683133608661592,0.0,0.01683949795551598,0
random_candidate,74327333c84cc9c9fce9,kroB200,0,1101,True,46079,56.53429357611169,0,0.1446429609786719,0.026738472981378436,0.11122286110185087,0.16278858785517514,93
random_candidate,74327333c84cc9c9fce9,kroB200,0,1102,True,43593,48.08913951829331,0,0.11868020100519061,0.02686315611936152,0.08521280298009515,0.1626751150470227,89
random_candidate,74327333c84cc9c9fce9,kroB200,0,1103,True,42576,44.6343037673676,0,0.11726854811422527,0.026876287069171667,0.08375697513110936,0.16331754508428276,92
random_candidate,74327333c84cc9c9fce9,kroB200,0,1104,True,42593,44.692054217481406,0,0.11710694315843284,0.026707671117037535,0.08371949312277138,0.1628363998606801,94
random_candidate,74327333c84cc9c9fce9,kroB200,0,1105,True,44120,49.87940347182118,0,0.11975504504516721,0.02689052722416818,0.08623562147840858,0.16306086722761393,88
nearest,1a20d32aab67439dbaec,tsp225,2,20260929,True,5286,34.98467824310521,0,0.15052761090919375,0.03423881297931075,0.1081219136249274,0.2235683889593929,105
one_step_lookahead,1a20d32aab67439dbaec,tsp225,2,20260929,True,6013,53.54954034729316,0,0.15718868607655168,0.034103499026969075,0.11517608421854675,0.22385051799938083,92
return_reserve,1a20d32aab67439dbaec,tsp225,2,20260929,True,4505,15.040858018386109,0,0.1448768270201981,0.03395750490017235,0.10298854857683182,0.22150695510208607,114
isolation_priority,1a20d32aab67439dbaec,tsp225,2,20260929,True,5267,34.49948927477017,0,0.15314338193275034,0.03397786500863731,0.11117561417631805,0.22310804505832493,99
shortest_edge_selector,1a20d32aab67439dbaec,tsp225,2,20260929,True,5286,34.98467824310521,0,0.15061847399920225,0.034039066871628165,0.10841189767234027,0.22243026411160827,105
nearest_neighbor,1a20d32aab67439dbaec,tsp225,2,20260929,True,5286,34.98467824310521,0,0.06899229320697486,0.03403815720230341,0.0,0.020821409998461604,0
nearest_neighbor_two_opt,1a20d32aab67439dbaec,tsp225,2,20260929,True,4239,8.248212461695607,0,0.2093413311522454,0.03413225011900067,0.0,0.020847681909799576,0
random_candidate,1a20d32aab67439dbaec,tsp225,2,1101,True,5661,44.56077630234934,0,0.15357809490524232,0.034206842072308064,0.11124699795618653,0.22329724999144673,99
random_candidate,1a20d32aab67439dbaec,tsp225,2,1102,True,5032,28.49846782431052,0,0.15083840093575418,0.033975105034187436,0.10860133706592023,0.22468025307171047,105
random_candidate,1a20d32aab67439dbaec,tsp225,2,1103,True,6326,61.542390194075594,0,0.19512116420082748,0.034068658016622066,0.15288676274940372,0.2252217091154307,86
random_candidate,1a20d32aab67439dbaec,tsp225,2,1104,True,5245,33.937691521961185,0,0.15294325584545732,0.03454901301302016,0.11014518304727972,0.2252989117987454,102
random_candidate,1a20d32aab67439dbaec,tsp225,2,1105,True,5677,44.96935648621042,0,0.15599916013889015,0.03408848913386464,0.11360429809428751,0.22476128488779068,95
nearest,60f6300678dd72dc82e5,kroA150,2,20260929,True,34094,28.540190016588753,0,0.0697995179798454,0.014951690100133419,0.051048291847109795,0.07557586510665715,61
one_step_lookahead,60f6300678dd72dc82e5,kroA150,2,20260929,True,43652,64.57547881164228,0,0.06873721489682794,0.01494588004425168,0.05005791038274765,0.07478940114378929,64
return_reserve,60f6300678dd72dc82e5,kroA150,2,20260929,True,30085,13.425576836072992,0,0.0643110980745405,0.015056333038955927,0.045478894375264645,0.07477192115038633,78
isolation_priority,60f6300678dd72dc82e5,kroA150,2,20260929,True,36654,38.19182627054743,0,0.06483921478502452,0.014992720913141966,0.046115967677906156,0.07476286985911429,77
shortest_edge_selector,60f6300678dd72dc82e5,kroA150,2,20260929,True,34094,28.540190016588753,0,0.06981390807777643,0.015186517033725977,0.050668369978666306,0.07504234905354679,61
nearest_neighbor,60f6300678dd72dc82e5,kroA150,2,20260929,True,34094,28.540190016588753,0,0.030624681850895286,0.014918248867616057,0.0,0.009418779984116554,0
nearest_neighbor_two_opt,60f6300678dd72dc82e5,kroA150,2,20260929,True,27870,5.074649374151711,0,0.11816182592883706,0.015082143945619464,0.0,0.009477491956204176,0
random_candidate,60f6300678dd72dc82e5,kroA150,2,1101,True,33978,28.102850248831245,0,0.06511900410987437,0.015038783196359873,0.04623182024806738,0.07529204594902694,74
random_candidate,60f6300678dd72dc82e5,kroA150,2,1102,True,41473,56.3602774845423,0,0.06562525895424187,0.015105115016922355,0.04663744359277189,0.07455741404555738,75
random_candidate,60f6300678dd72dc82e5,kroA150,2,1103,True,41385,56.02850248831247,0,0.06850654818117619,0.01509833405725658,0.049549046671018004,0.07496681693010032,64
random_candidate,60f6300678dd72dc82e5,kroA150,2,1104,True,40479,52.61272809530991,0,0.06729156989604235,0.015197156928479671,0.04816643102094531,0.07479335088282824,70
random_candidate,60f6300678dd72dc82e5,kroA150,2,1105,True,37543,41.543507766551045,0,0.06702773319557309,0.015044513158500195,0.04806811758317053,0.07433312805369496,70
nearest,2bb94d12a8bd02f6cf08,tsp225,0,20260929,True,4929,25.8682328907048,0,0.14883974893018603,0.03406245796941221,0.10668205027468503,0.226105677196756,107
one_step_lookahead,2bb94d12a8bd02f6cf08,tsp225,0,20260929,True,5797,48.03370786516854,0,0.15509006194770336,0.03368705604225397,0.11328865983523428,0.22682270919904113,97
return_reserve,2bb94d12a8bd02f6cf08,tsp225,0,20260929,True,4567,16.624106230847804,0,0.1430133399553597,0.033935853047296405,0.10105050122365355,0.22628650208935142,118
isolation_priority,2bb94d12a8bd02f6cf08,tsp225,0,20260929,True,5275,34.703779366700715,0,0.15966528188437223,0.03381491987966001,0.11780467419885099,0.22676376695744693,88
shortest_edge_selector,2bb94d12a8bd02f6cf08,tsp225,0,20260929,True,4929,25.8682328907048,0,0.149049666011706,0.033929563825950027,0.10689425305463374,0.22756539098918438,107
nearest_neighbor,2bb94d12a8bd02f6cf08,tsp225,0,20260929,True,4929,25.8682328907048,0,0.06879038619808853,0.03384947101585567,0.0,0.020765238907188177,0
nearest_neighbor_two_opt,2bb94d12a8bd02f6cf08,tsp225,0,20260929,True,4186,6.894790602655772,0,0.17479869886301458,0.03373435791581869,0.0,0.020650065038353205,0
random_candidate,2bb94d12a8bd02f6cf08,tsp225,0,1101,True,5544,41.57303370786517,0,0.20425389404408634,0.033695706166327,0.16231501079164445,0.22510164603590965,110
random_candidate,2bb94d12a8bd02f6cf08,tsp225,0,1102,True,5637,43.94790602655771,0,0.150231541832909,0.034290683921426535,0.10775519465096295,0.2251309771090746,106
random_candidate,2bb94d12a8bd02f6cf08,tsp225,0,1103,True,5433,38.73850868232891,0,0.15204626810736954,0.03387299203313887,0.11000731075182557,0.22560671204701066,102
random_candidate,2bb94d12a8bd02f6cf08,tsp225,0,1104,True,5983,52.78345250255363,0,0.16359508293680847,0.03407254791818559,0.12121096905320883,0.2252932321280241,82
random_candidate,2bb94d12a8bd02f6cf08,tsp225,0,1105,True,5244,33.912155260469866,0,0.14802348520606756,0.03409852902404964,0.105805903673172,0.2248610290698707,109
nearest,da0bb64096b3ee6b6b8d,bier127,2,20260929,True,148831,25.82726027628887,0,0.04956393502652645,0.010899075074121356,0.03586751944385469,0.047016366850584745,58
one_step_lookahead,da0bb64096b3ee6b6b8d,bier127,2,20260929,True,193777,63.82627956916521,0,0.05185511498712003,0.010771261993795633,0.038278251653537154,0.047029556008055806,51
return_reserve,da0bb64096b3ee6b6b8d,bier127,2,20260929,True,129275,9.293890870969378,0,0.04888261388987303,0.010895065031945705,0.03525292128324509,0.047092149034142494,59
isolation_priority,da0bb64096b3ee6b6b8d,bier127,2,20260929,True,142633,20.587240662146396,0,0.0495042831171304,0.010924396105110645,0.035796919371932745,0.04721429292112589,57
shortest_edge_selector,da0bb64096b3ee6b6b8d,bier127,2,20260929,True,148831,25.82726027628887,0,0.04945420194417238,0.010822823038324714,0.035777724580839276,0.046934813959524035,58
nearest_neighbor,da0bb64096b3ee6b6b8d,bier127,2,20260929,True,148831,25.82726027628887,0,0.022324716905131936,0.010934666031971574,0.0,0.006808539154008031,0
nearest_neighbor_two_opt,da0bb64096b3ee6b6b8d,bier127,2,20260929,True,125505,6.106592719095044,0,0.044033474987372756,0.010943356901407242,0.0,0.006784488912671804,0
random_candidate,da0bb64096b3ee6b6b8d,bier127,2,1101,True,155398,31.37924620821427,0,0.05029495689086616,0.010955787030979991,0.036495901411399245,0.04727766406722367,55
random_candidate,da0bb64096b3ee6b6b8d,bier127,2,1102,True,175740,48.577129233526655,0,0.04998386697843671,0.01090501481667161,0.03619785187765956,0.046855521854013205,57
random_candidate,da0bb64096b3ee6b6b8d,bier127,2,1103,True,150452,27.19771393787728,0,0.049302187049761415,0.010971528012305498,0.03543743118643761,0.047315206145867705,59
random_candidate,da0bb64096b3ee6b6b8d,bier127,2,1104,True,165532,39.94690654537461,0,0.04949580295942724,0.01088819489814341,0.03578467550687492,0.04715022095479071,58
random_candidate,da0bb64096b3ee6b6b8d,bier127,2,1105,True,165926,40.280008792546624,0,0.05035826889798045,0.010899425949901342,0.03661623643711209,0.04703954793512821,55
nearest,7482ef052dd60cb7c2f0,kroA100,1,20260929,True,26309,23.620900291326002,0,0.030354013899341226,0.006810898892581463,0.021767167141661048,0.02550228382460773,50
one_step_lookahead,7482ef052dd60cb7c2f0,kroA100,1,20260929,True,33093,55.4976036086834,0,0.03132424294017255,0.006759027950465679,0.022787056863307953,0.025663560023531318,46
return_reserve,7482ef052dd60cb7c2f0,kroA100,1,20260929,True,23975,12.653885912978103,0,0.03138624597340822,0.006771679036319256,0.02279599872417748,0.025727442000061274,46
isolation_priority,7482ef052dd60cb7c2f0,kroA100,1,20260929,True,28950,36.030448266140404,0,0.02964339219033718,0.0068141501396894455,0.02096232515759766,0.025633289013057947,52
shortest_edge_selector,7482ef052dd60cb7c2f0,kroA100,1,20260929,True,26309,23.620900291326002,0,0.030240540858358145,0.006681565893813968,0.02167634153738618,0.025544304866343737,50
nearest_neighbor,7482ef052dd60cb7c2f0,kroA100,1,20260929,True,26309,23.620900291326002,0,0.013908427907153964,0.006725516868755221,0.0,0.004213389009237289,0
nearest_neighbor_two_opt,7482ef052dd60cb7c2f0,kroA100,1,20260929,True,22088,3.7872380415374494,0,0.02482929383404553,0.006652413867413998,0.0,0.004248710116371512,0
random_candidate,7482ef052dd60cb7c2f0,kroA100,1,1101,True,30938,45.37167559439902,0,0.03005671501159668,0.0067574079148471355,0.021439151372760534,0.025439112912863493,50
random_candidate,7482ef052dd60cb7c2f0,kroA100,1,1102,True,29476,38.502020486796354,0,0.03128502191975713,0.006803898839280009,0.022626923164352775,0.02564820903353393,47
random_candidate,7482ef052dd60cb7c2f0,kroA100,1,1103,True,36283,70.48679635372615,0,0.03371966793201864,0.00671456684358418,0.025116741191595793,0.025480714160948992,47
random_candidate,7482ef052dd60cb7c2f0,kroA100,1,1104,True,34404,61.65773893431068,0,0.034097458934411407,0.007048486964777112,0.02516138320788741,0.025280978064984083,43
random_candidate,7482ef052dd60cb7c2f0,kroA100,1,1105,True,27116,27.4128371393666,0,0.029595361091196537,0.006772869033738971,0.020951490383595228,0.027844727039337158,53
nearest,6d21d1a66f187f5f7035,kroB200,1,20260929,True,36969,25.58684648571526,0,0.12019798788242042,0.027355220867320895,0.08555314713157713,0.1673765101004392,92
one_step_lookahead,6d21d1a66f187f5f7035,kroB200,1,20260929,True,46271,57.18653395386758,0,0.12239353614859283,0.028971752151846886,0.08698430028744042,0.1675902169663459,92
return_reserve,6d21d1a66f187f5f7035,kroB200,1,20260929,True,35115,19.288650338009987,0,0.11613750318065286,0.027672011172398925,0.08191324328072369,0.169066172093153,104
isolation_priority,6d21d1a66f187f5f7035,kroB200,1,20260929,True,37253,26.551618711145835,0,0.11362601607106626,0.028981492156162858,0.07812135759741068,0.16864333907142282,106
shortest_edge_selector,6d21d1a66f187f5f7035,kroB200,1,20260929,True,36969,25.58684648571526,0,0.18352072685956955,0.02722908789291978,0.1495237685739994,0.16763363778591156,92
nearest_neighbor,6d21d1a66f187f5f7035,kroB200,1,20260929,True,36969,25.58684648571526,0,0.05716923903673887,0.02955517009831965,0.0,0.016616560984402895,0
nearest_neighbor_two_opt,6d21d1a66f187f5f7035,kroB200,1,20260929,True,31971,8.608214152257364,0,0.1611801499966532,0.027616329956799746,0.0,0.016535668168216944,0
random_candidate,6d21d1a66f187f5f7035,kroB200,1,1101,True,43898,49.12525053504094,0,0.1240910179913044,0.02674667304381728,0.09073132835328579,0.16472196811810136,82
random_candidate,6d21d1a66f187f5f7035,kroB200,1,1102,True,43757,48.646261507626456,0,0.12154055899009109,0.026841705897822976,0.08798832120373845,0.16432866593822837,86
random_candidate,6d21d1a66f187f5f7035,kroB200,1,1103,True,40170,36.46091653361416,0,0.11867315205745399,0.027175936149433255,0.08478622534312308,0.16394313401542604,92
random_candidate,6d21d1a66f187f5f7035,kroB200,1,1104,True,43052,46.251316370554065,0,0.1188879981637001,0.026908818166702986,0.08534741401672363,0.16293307300657034,92
random_candidate,6d21d1a66f187f5f7035,kroB200,1,1105,True,42813,45.43941298366002,0,0.11895227013155818,0.027842137031257153,0.08440719498321414,0.16418617102317512,91
nearest,b9db0e2302f251b2cb8b,kroB100,2,20260929,True,28343,28.011381599747075,0,0.03131009405478835,0.007823650958016515,0.02167730452492833,0.025319218868389726,50
one_step_lookahead,b9db0e2302f251b2cb8b,kroB100,2,20260929,True,33521,51.39785917528567,0,0.03237467585131526,0.006801109062507749,0.02375358808785677,0.026467425050213933,42
return_reserve,b9db0e2302f251b2cb8b,kroB100,2,20260929,True,26748,20.807551601102027,0,0.03154242015443742,0.006756458198651671,0.022998699452728033,0.026414982043206692,48
isolation_priority,b9db0e2302f251b2cb8b,kroB100,2,20260929,True,31193,40.8834289327492,0,0.03186944010667503,0.007354476023465395,0.02270270185545087,0.026161895832046866,46
shortest_edge_selector,b9db0e2302f251b2cb8b,kroB100,2,20260929,True,28343,28.011381599747075,0,0.031000184128060937,0.006781829055398703,0.022336791967973113,0.02556680701673031,50
nearest_neighbor,b9db0e2302f251b2cb8b,kroB100,2,20260929,True,28343,28.011381599747075,0,0.013950428925454617,0.006740747019648552,0.0,0.004274331033229828,0
nearest_neighbor_two_opt,b9db0e2302f251b2cb8b,kroB100,2,20260929,True,23058,4.141637685741385,0,0.030571620911359787,0.006660504965111613,0.0,0.004405805841088295,0
random_candidate,b9db0e2302f251b2cb8b,kroB100,2,1101,True,31265,41.208617496951355,0,0.03135527507402003,0.00664597493596375,0.022866122890263796,0.025668910006061196,45
random_candidate,b9db0e2302f251b2cb8b,kroB100,2,1102,True,32765,47.983379251163,0,0.031107427086681128,0.006688726134598255,0.022568801883608103,0.025513345142826438,46
random_candidate,b9db0e2302f251b2cb8b,kroB100,2,1103,True,32876,48.484711620974664,0,0.03327063284814358,0.006799269001930952,0.024630606174468994,0.025975198950618505,42
random_candidate,b9db0e2302f251b2cb8b,kroB100,2,1104,True,26296,18.766090059166253,0,0.029142526909708977,0.0067886291071772575,0.020515431882813573,0.02590352692641318,56
random_candidate,b9db0e2302f251b2cb8b,kroB100,2,1105,True,30190,36.35337157309968,0,0.03298939508385956,0.006695196032524109,0.023895466700196266,0.026714551961049438,42
nearest,47e8ae743e5114e85867,kroB100,0,20260929,True,28478,28.621110157626124,0,0.0314411970321089,0.006823649862781167,0.02275483845733106,0.025830544997006655,48
one_step_lookahead,47e8ae743e5114e85867,kroB100,0,20260929,True,37989,71.57761618716408,0,0.033365315990522504,0.006841591093689203,0.024701472837477922,0.02655177703127265,38
return_reserve,47e8ae743e5114e85867,kroB100,0,20260929,True,26631,20.27912018427352,0,0.032651484943926334,0.006840260000899434,0.024003847502171993,0.026326770894229412,41
isolation_priority,47e8ae743e5114e85867,kroB100,0,20260929,True,29859,34.858407479336975,0,0.029989522881805897,0.006708696950227022,0.02149807452224195,0.0255597869399935,51
shortest_edge_selector,47e8ae743e5114e85867,kroB100,0,20260929,True,28478,28.621110157626124,0,0.031559441005811095,0.007181670982390642,0.022498984122648835,0.026440692832693458,48
nearest_neighbor,47e8ae743e5114e85867,kroB100,0,20260929,True,28478,28.621110157626124,0,0.014081212924793363,0.006792418891564012,0.0,0.00418326910585165,0
nearest_neighbor_two_opt,47e8ae743e5114e85867,kroB100,0,20260929,True,22778,2.877015491621878,0,0.03876639297232032,0.006659114966169,0.0,0.004219899885356426,0
random_candidate,47e8ae743e5114e85867,kroB100,0,1101,True,29181,31.79621516643331,0,0.03199247410520911,0.006692165043205023,0.02344777248799801,0.029708233894780278,46
random_candidate,47e8ae743e5114e85867,kroB100,0,1102,True,28170,27.230025744094664,0,0.03375660884194076,0.006707557011395693,0.025139159057289362,0.02576766279526055,39
random_candidate,47e8ae743e5114e85867,kroB100,0,1103,True,34455,55.61627749424145,0,0.033457519952207804,0.006897431798279285,0.024166402872651815,0.02599810902029276,41
random_candidate,47e8ae743e5114e85867,kroB100,0,1104,True,31251,41.14538638724538,0,0.032101978082209826,0.006692975992336869,0.02353960368782282,0.025576596846804023,42
random_candidate,47e8ae743e5114e85867,kroB100,0,1105,True,32584,47.16589133282147,0,0.03171581611968577,0.006729607004672289,0.023127252003178,0.02683527604676783,45
nearest,c4a1ab4447bdf3dade04,kroA100,2,20260929,True,28504,33.934780565736304,0,0.030590660870075226,0.006757556926459074,0.022008926142007113,0.025932577904313803,49
one_step_lookahead,c4a1ab4447bdf3dade04,kroA100,2,20260929,True,33395,56.91664317263415,0,0.03159795212559402,0.006726837018504739,0.023100563092157245,0.025983639992773533,45
return_reserve,c4a1ab4447bdf3dade04,kroA100,2,20260929,True,24106,13.269429564890517,0,0.03132228413596749,0.006700325990095735,0.022828001296147704,0.02553054504096508,51
isolation_priority,c4a1ab4447bdf3dade04,kroA100,2,20260929,True,29870,40.353350249036744,0,0.03242397680878639,0.006732997018843889,0.023874447448179126,0.02644259389489889,41
shortest_edge_selector,c4a1ab4447bdf3dade04,kroA100,2,20260929,True,28504,33.934780565736304,0,0.03161034290678799,0.006746486993506551,0.022986055118963122,0.025837494991719723,49
nearest_neighbor,c4a1ab4447bdf3dade04,kroA100,2,20260929,True,28504,33.934780565736304,0,0.014098734129220247,0.006737097166478634,0.0,0.004229959798976779,0
nearest_neighbor_two_opt,c4a1ab4447bdf3dade04,kroA100,2,20260929,True,22137,4.0174795601917115,0,0.03428905503824353,0.006708286935463548,0.0,0.004225849872455001,0
random_candidate,c4a1ab4447bdf3dade04,kroA100,2,1101,True,31198,46.59336528521755,0,0.031664663925766945,0.006618792889639735,0.02319033327512443,0.026831736089661717,43
random_candidate,c4a1ab4447bdf3dade04,kroA100,2,1102,True,28191,32.46405413025092,0,0.03137563494965434,0.006722445832565427,0.022796120028942823,0.026048010913655162,46
random_candidate,c4a1ab4447bdf3dade04,kroA100,2,1103,True,26754,25.711869185226956,0,0.029059235006570816,0.006703016813844442,0.02047771168872714,0.02864619088359177,56
random_candidate,c4a1ab4447bdf3dade04,kroA100,2,1104,True,32945,54.80218024621746,0,0.032770429039373994,0.007107259007170796,0.023677307413890958,0.028495497070252895,44
random_candidate,c4a1ab4447bdf3dade04,kroA100,2,1105,True,27465,29.05272060896532,0,0.03215172002092004,0.006916662910953164,0.023338845232501626,0.02677304297685623,48
nearest,d5cf18645ce3212f5314,bier127,0,20260929,True,137429,16.187585600514026,0,0.050850935047492385,0.010882075177505612,0.037135744700208306,0.05005959002301097,60
one_step_lookahead,d5cf18645ce3212f5314,bier127,0,20260929,True,186890,58.003753741059505,0,0.05269930209033191,0.010977477999404073,0.03770180745050311,0.04854340408928692,53
return_reserve,d5cf18645ce3212f5314,bier127,0,20260929,True,141784,19.869464500093,0,0.051539745880290866,0.010971766896545887,0.037785722175613046,0.04962066700682044,57
isolation_priority,d5cf18645ce3212f5314,bier127,0,20260929,True,149590,26.468947092541555,0,0.05518006789498031,0.01107511087320745,0.041290790773928165,0.049849503906443715,51
shortest_edge_selector,d5cf18645ce3212f5314,bier127,0,20260929,True,137429,16.187585600514026,0,0.05103192990645766,0.011137362802401185,0.03698978805914521,0.048037897795438766,60
nearest_neighbor,d5cf18645ce3212f5314,bier127,0,20260929,True,137429,16.187585600514026,0,0.024347838945686817,0.012988439993932843,0.0,0.006679406156763434,0
nearest_neighbor_two_opt,d5cf18645ce3212f5314,bier127,0,20260929,True,123363,4.295666289038062,0,0.04716449091210961,0.011700900038704276,0.0,0.006819739937782288,0
random_candidate,d5cf18645ce3212f5314,bier127,0,1101,True,164249,38.862210649126666,0,0.051939477911219,0.010965036926791072,0.038086576387286186,0.04965240810997784,57
random_candidate,d5cf18645ce3212f5314,bier127,0,1102,True,169454,43.262711147934596,0,0.05080478289164603,0.011029178975149989,0.036852503661066294,0.04870137898251414,55
random_candidate,d5cf18645ce3212f5314,bier127,0,1103,True,172739,46.03997226966064,0,0.050312147941440344,0.010961096966639161,0.03647078783251345,0.056449936935678124,55
random_candidate,d5cf18645ce3212f5314,bier127,0,1104,True,165442,39.8708171995739,0,0.054335932014510036,0.0111654840875417,0.04028873727656901,0.047718078130856156,55
random_candidate,d5cf18645ce3212f5314,bier127,0,1105,True,178530,50.93589895334878,0,0.05462087085470557,0.011092101922258735,0.04057067655958235,0.04735474707558751,47
nearest,9d28b5267d7a888ca8ad,kroA150,0,20260929,True,35174,32.61197406122756,0,0.07463660603389144,0.01720388885587454,0.053600568091496825,0.07720747590065002,57
one_step_lookahead,9d28b5267d7a888ca8ad,kroA150,0,20260929,True,43439,63.77243251394963,0,0.07011887710541487,0.015232658013701439,0.05106789106503129,0.07554585486650467,68
return_reserve,9d28b5267d7a888ca8ad,kroA150,0,20260929,True,31502,18.76790830945559,0,0.06820299895480275,0.017279441934078932,0.047124666161835194,0.07810146291740239,74
isolation_priority,9d28b5267d7a888ca8ad,kroA150,0,20260929,True,38638,45.6718443673654,0,0.06792220007628202,0.015160456066951156,0.0490012695081532,0.07632262818515301,68
shortest_edge_selector,9d28b5267d7a888ca8ad,kroA150,0,20260929,True,35174,32.61197406122756,0,0.07371948892250657,0.015220178989693522,0.05460434011183679,0.07462579593993723,57
nearest_neighbor,9d28b5267d7a888ca8ad,kroA150,0,20260929,True,35174,32.61197406122756,0,0.0335274210665375,0.017561780055984855,0.0,0.009529144037514925,0
nearest_neighbor_two_opt,9d28b5267d7a888ca8ad,kroA150,0,20260929,True,29048,9.515910119137384,0,0.07294523413293064,0.015213957987725735,0.0,0.00955416401848197,0
random_candidate,9d28b5267d7a888ca8ad,kroA150,0,1101,True,36363,37.094706680741965,0,0.13570144516415894,0.015597600024193525,0.11622041068039834,0.07886280585080385,80
random_candidate,9d28b5267d7a888ca8ad,kroA150,0,1102,True,37006,39.518926255466745,0,0.07420035288669169,0.015289079863578081,0.055008776020258665,0.07627424690872431,62
random_candidate,9d28b5267d7a888ca8ad,kroA150,0,1103,True,34312,29.36208716633992,0,0.07105044601485133,0.015701462980359793,0.05151263647712767,0.078330900054425,60
random_candidate,9d28b5267d7a888ca8ad,kroA150,0,1104,True,36809,38.77620268436133,0,0.07118947012349963,0.015289080096408725,0.052024155389517546,0.07622907613404095,64
random_candidate,9d28b5267d7a888ca8ad,kroA150,0,1105,True,44679,68.44744382446086,0,0.072604303015396,0.015377403004094958,0.05326393013820052,0.07500243792310357,69
nearest,2448ac56127dbfb1ee7e,bier127,1,20260929,True,147899,25.0393128286637,0,0.0489962981082499,0.010981847997754812,0.03527376358397305,0.04783987207338214,60
one_step_lookahead,2448ac56127dbfb1ee7e,bier127,1,20260929,True,184615,56.08038416665258,0,0.051340349949896336,0.010773590998724103,0.03776456858031452,0.04733585612848401,52
return_reserve,2448ac56127dbfb1ee7e,bier127,1,20260929,True,132300,11.851338327048918,0,0.048755930038169026,0.010805573081597686,0.03517778031527996,0.04760637506842613,59
isolation_priority,2448ac56127dbfb1ee7e,bier127,1,20260929,True,144255,21.958539760910366,0,0.049687938997521996,0.010891024954617023,0.03601594758220017,0.04780882108025253,56
shortest_edge_selector,2448ac56127dbfb1ee7e,bier127,1,20260929,True,147899,25.0393128286637,0,0.049816092010587454,0.01085939398035407,0.036024099914357066,0.04787128302268684,60
nearest_neighbor,2448ac56127dbfb1ee7e,bier127,1,20260929,True,147899,25.0393128286637,0,0.022225494030863047,0.010921075940132141,0.0,0.00680518988519907,0
nearest_neighbor_two_opt,2448ac56127dbfb1ee7e,bier127,1,20260929,True,123178,4.139260411558817,0,0.04844948090612888,0.010840404080227017,0.0,0.0067400080151855946,0
random_candidate,2448ac56127dbfb1ee7e,bier127,1,1101,True,155443,31.417290881114624,0,0.04876354103907943,0.010797192109748721,0.03513956209644675,0.04746784991584718,59
random_candidate,2448ac56127dbfb1ee7e,bier127,1,1102,True,169203,43.05050641686816,0,0.04861340601928532,0.010848754085600376,0.034893524600192904,0.04731723596341908,61
random_candidate,2448ac56127dbfb1ee7e,bier127,1,1103,True,152750,29.14052856732216,0,0.048930756049230695,0.010866085067391396,0.03523226315155625,0.04723899392411113,58
random_candidate,2448ac56127dbfb1ee7e,bier127,1,1104,True,173801,46.937826550109065,0,0.052304178941994905,0.01094148587435484,0.03850769787095487,0.047200453002005816,48
random_candidate,2448ac56127dbfb1ee7e,bier127,1,1105,True,162041,36.99548536548249,0,0.05073573091067374,0.010878724046051502,0.03701468277722597,0.04729195521213114,53
nearest,8ce2bcba3b1364fdcc77,kroC100,1,20260929,True,27489,32.483493180394234,0,0.029619761975482106,0.0067300270311534405,0.02107171039097011,0.02561303717084229,52
one_step_lookahead,8ce2bcba3b1364fdcc77,kroC100,1,20260929,True,31746,53.00014458528122,0,0.03125333203934133,0.0067235068418085575,0.022683047223836184,0.026464564027264714,49
return_reserve,8ce2bcba3b1364fdcc77,kroC100,1,20260929,True,24381,17.5044580461709,0,0.02933351299725473,0.006747817853465676,0.020818901248276234,0.02625855803489685,54
isolation_priority,8ce2bcba3b1364fdcc77,kroC100,1,20260929,True,25725,23.981878644753966,0,0.02928678086027503,0.006696325959637761,0.020798981189727783,0.025607417803257704,54
shortest_edge_selector,8ce2bcba3b1364fdcc77,kroC100,1,20260929,True,27489,32.483493180394234,0,0.029759574914351106,0.006797468988224864,0.021045131841674447,0.025787194026634097,52
nearest_neighbor,8ce2bcba3b1364fdcc77,kroC100,1,20260929,True,27489,32.483493180394234,0,0.014016300905495882,0.006699407007545233,0.0,0.004337752936407924,0
nearest_neighbor_two_opt,8ce2bcba3b1364fdcc77,kroC100,1,20260929,True,22002,6.038845245554002,0,0.04673534817993641,0.006651165196672082,0.0,0.004210199927911162,0
random_candidate,8ce2bcba3b1364fdcc77,kroC100,1,1101,True,30403,46.5275434960721,0,0.03087514010258019,0.006782748969271779,0.02220743172802031,0.02540359180420637,47
random_candidate,8ce2bcba3b1364fdcc77,kroC100,1,1102,True,28188,35.8523302327823,0,0.02981873694807291,0.006730366963893175,0.021212027175351977,0.02553464495576918,52
random_candidate,8ce2bcba3b1364fdcc77,kroC100,1,1103,True,31454,51.592847848089065,0,0.029386393958702683,0.006747436942532659,0.020758960396051407,0.02551374491304159,54
random_candidate,8ce2bcba3b1364fdcc77,kroC100,1,1104,True,29843,43.82861824666249,0,0.02948455698788166,0.006722977152094245,0.020883529214188457,0.025568567216396332,54
random_candidate,8ce2bcba3b1364fdcc77,kroC100,1,1105,True,31561,52.10853535110126,0,0.03110867808572948,0.00683148019015789,0.0224282369017601,0.025530835147947073,46
nearest,044225a6f2e770ef55e2,kroB200,2,20260929,True,39006,32.5067092434691,0,0.11587464506737888,0.02748190611600876,0.08190978388302028,0.1625280708540231,97
one_step_lookahead,044225a6f2e770ef55e2,kroB200,2,20260929,True,45775,55.50157964466488,0,0.11783389514312148,0.026975650107488036,0.08427708223462105,0.1625906229019165,91
return_reserve,044225a6f2e770ef55e2,kroB200,2,20260929,True,33903,15.17138295342596,0,0.11046690796501935,0.026784623973071575,0.07721129013225436,0.16274357796646655,106
isolation_priority,044225a6f2e770ef55e2,kroB200,2,20260929,True,37816,28.464177735502936,0,0.11230389517731965,0.0267340331338346,0.07919247797690332,0.1625061898957938,102
shortest_edge_selector,044225a6f2e770ef55e2,kroB200,2,20260929,True,39006,32.5067092434691,0,0.11444969102740288,0.026699350913986564,0.08114713756367564,0.16239537694491446,97
nearest_neighbor,044225a6f2e770ef55e2,kroB200,2,20260929,True,39006,32.5067092434691,0,0.05486320797353983,0.026866216911002994,0.0,0.016683774068951607,0
nearest_neighbor_two_opt,044225a6f2e770ef55e2,kroB200,2,20260929,True,32053,8.88677514692394,0,0.2070158391725272,0.026812044205144048,0.0,0.01671016402542591,0
random_candidate,044225a6f2e770ef55e2,kroB200,2,1101,True,40984,39.22614396847505,0,0.11528552696108818,0.026522465981543064,0.08215326978825033,0.16379636991769075,95
random_candidate,044225a6f2e770ef55e2,kroB200,2,1102,True,42328,43.79182661276625,0,0.12029588199220598,0.026781663997098804,0.08689072728157043,0.1627965490333736,84
random_candidate,044225a6f2e770ef55e2,kroB200,2,1103,True,49384,67.76166049529505,0,0.12065638299100101,0.02683282596990466,0.0872382849920541,0.16238368581980467,85
random_candidate,044225a6f2e770ef55e2,kroB200,2,1104,True,40689,38.22400380473553,0,0.11647512391209602,0.026722433045506477,0.0831464494112879,0.16225463198497891,92
random_candidate,044225a6f2e770ef55e2,kroB200,2,1105,True,40127,36.31484186567925,0,0.115925736958161,0.026889296947047114,0.08245978434570134,0.1632971940562129,96
nearest,121d82f7209f92abacaa,kroB100,1,20260929,True,29365,32.62725260828327,0,0.031200039898976684,0.006734116934239864,0.022687439108267426,0.0251502541359514,46
one_step_lookahead,121d82f7209f92abacaa,kroB100,1,20260929,True,35731,61.37934149315749,0,0.03267536498606205,0.006704186089336872,0.024168346310034394,0.0262568979524076,39
return_reserve,121d82f7209f92abacaa,kroB100,1,20260929,True,26424,19.344203062192314,0,0.03115540905855596,0.006787949008867145,0.022577862720936537,0.025280637899413705,46
isolation_priority,121d82f7209f92abacaa,kroB100,1,20260929,True,29975,35.38232238832934,0,0.03257473208941519,0.006715567084029317,0.02402970171533525,0.026026261039078236,41
shortest_edge_selector,121d82f7209f92abacaa,kroB100,1,20260929,True,29365,32.62725260828327,0,0.03162862313911319,0.0067438469268381596,0.023025327129289508,0.025358019862324,46
nearest_neighbor,121d82f7209f92abacaa,kroB100,1,20260929,True,29365,32.62725260828327,0,0.013871836941689253,0.006747568026185036,0.0,0.00420614005997777,0
nearest_neighbor_two_opt,121d82f7209f92abacaa,kroB100,1,20260929,True,23349,5.4559414660584435,0,0.037920725997537374,0.0067295769695192575,0.0,0.004270652076229453,0
random_candidate,121d82f7209f92abacaa,kroB100,1,1101,True,30117,36.02366650106138,0,0.03109102603048086,0.006733286892995238,0.022515512770041823,0.02573185204528272,46
random_candidate,121d82f7209f92abacaa,kroB100,1,1102,True,31250,41.140869879409244,0,0.033096158877015114,0.006723457016050816,0.024528816109523177,0.02571143116801977,39
random_candidate,121d82f7209f92abacaa,kroB100,1,1103,True,30577,38.101260105686286,0,0.031115327030420303,0.006753467954695225,0.022502257488667965,0.02600887999869883,46
random_candidate,121d82f7209f92abacaa,kroB100,1,1104,True,27960,26.281559098505035,0,0.03076886711642146,0.00669087702408433,0.0222230963408947,0.025669190101325512,48
random_candidate,121d82f7209f92abacaa,kroB100,1,1105,True,33181,49.8622465109977,0,0.031955922953784466,0.00677372794598341,0.02331744716502726,0.02574540115892887,44
nearest,32a4d86692db8d853591,kroA100,0,20260929,True,27904,31.11549666384738,0,0.030741405906155705,0.006774578941985965,0.022189370822161436,0.025922148022800684,48
one_step_lookahead,32a4d86692db8d853591,kroA100,0,20260929,True,33822,58.92303354947843,0,0.0318577999714762,0.006763477809727192,0.023280879948288202,0.025585008086636662,47
return_reserve,32a4d86692db8d853591,kroA100,0,20260929,True,26224,23.221501738558405,0,0.03074879595078528,0.006733966991305351,0.02220223704352975,0.02585025504231453,49
isolation_priority,32a4d86692db8d853591,kroA100,0,20260929,True,29187,37.14406540738652,0,0.030786176910623908,0.006737627787515521,0.02224725391715765,0.025965450098738074,48
shortest_edge_selector,32a4d86692db8d853591,kroA100,0,20260929,True,27904,31.11549666384738,0,0.030794068006798625,0.006687115877866745,0.022236383752897382,0.025903176981955767,48
nearest_neighbor,32a4d86692db8d853591,kroA100,0,20260929,True,27904,31.11549666384738,0,0.014037312008440495,0.006844581104815006,0.0,0.004233930027112365,0
nearest_neighbor_two_opt,32a4d86692db8d853591,kroA100,0,20260929,True,23246,9.228455972183065,0,0.029867679113522172,0.0066921759862452745,0.0,0.0042594908736646175,0
random_candidate,32a4d86692db8d853591,kroA100,0,1101,True,35358,66.14040033831407,0,0.03252284089103341,0.006727186962962151,0.023918937193229795,0.02578843291848898,41
random_candidate,32a4d86692db8d853591,kroA100,0,1102,True,31866,49.73216802932055,0,0.03096156194806099,0.006780917989090085,0.0222864942625165,0.025948289083316922,49
random_candidate,32a4d86692db8d853591,kroA100,0,1103,True,33871,59.15327506813269,0,0.03211155813187361,0.006839831126853824,0.023398039396852255,0.025780452881008387,44
random_candidate,32a4d86692db8d853591,kroA100,0,1104,True,28630,34.52683018513298,0,0.029567820020020008,0.00679258001036942,0.020910937571898103,0.0257257919292897,54
random_candidate,32a4d86692db8d853591,kroA100,0,1105,True,34245,60.91062870031012,0,0.031114146811887622,0.006689005997031927,0.022570715518668294,0.025943387998268008,48
nearest,8a04cce0cc5004870e69,kroC100,0,20260929,True,25635,23.54812280109885,0,0.028768236050382257,0.006749087944626808,0.02023001480847597,0.025693150935694575,56
one_step_lookahead,8a04cce0cc5004870e69,kroC100,0,20260929,True,32029,54.36406573810786,0,0.030516298953443766,0.006740947952494025,0.021907611284404993,0.02595803909935057,50
return_reserve,8a04cce0cc5004870e69,kroC100,0,20260929,True,22989,10.795700997638441,0,0.028528928058221936,0.0067953490652143955,0.01992256473749876,0.025771142914891243,58
isolation_priority,8a04cce0cc5004870e69,kroC100,0,20260929,True,26248,26.50248204732758,0,0.0293606030754745,0.006706636166200042,0.020836634561419487,0.025895657017827034,55
shortest_edge_selector,8a04cce0cc5004870e69,kroC100,0,20260929,True,25635,23.54812280109885,0,0.028833887074142694,0.006763448007404804,0.020126914838328958,0.025641688844189048,56
nearest_neighbor,8a04cce0cc5004870e69,kroC100,0,20260929,True,25635,23.54812280109885,0,0.014047202188521624,0.006778369192034006,0.0,0.004323994042351842,0
nearest_neighbor_two_opt,8a04cce0cc5004870e69,kroC100,0,20260929,True,21747,4.809870355197841,0,0.023646446876227856,0.00683002988807857,0.0,0.004305792972445488,0
random_candidate,8a04cce0cc5004870e69,kroC100,0,1101,True,31417,51.414526001253066,0,0.03246920905075967,0.006822769995778799,0.023800674127414823,0.027215817011892796,42
random_candidate,8a04cce0cc5004870e69,kroC100,0,1102,True,30197,45.534724565039284,0,0.031061905901879072,0.006751717999577522,0.022462449502199888,0.025973339099437,48
random_candidate,8a04cce0cc5004870e69,kroC100,0,1103,True,30079,44.966022458913685,0,0.03244349895976484,0.00670625688508153,0.023867114447057247,0.025846665957942605,43
random_candidate,8a04cce0cc5004870e69,kroC100,0,1104,True,28502,37.36565617620126,0,0.11169126606546342,0.006768848048523068,0.10303357359953225,0.02631728001870215,51
random_candidate,8a04cce0cc5004870e69,kroC100,0,1105,True,29050,40.006747313123526,0,0.03069575410336256,0.006756208138540387,0.02190367178991437,0.026183185866102576,52
nearest,8ba7072288c2145a4cfd,tsp225,1,20260929,True,4864,24.20837589376915,0,0.15421385504305363,0.03463669610209763,0.11151175247505307,0.22735003498382866,102
one_step_lookahead,8ba7072288c2145a4cfd,tsp225,1,20260929,True,5753,46.91011235955056,0,0.15668587083928287,0.0339282238855958,0.11459541763179004,0.22768432484008372,94
return_reserve,8ba7072288c2145a4cfd,tsp225,1,20260929,True,4482,14.453524004085802,0,0.14289052691310644,0.03385168197564781,0.10108934063464403,0.22656895103864372,120
isolation_priority,8ba7072288c2145a4cfd,tsp225,1,20260929,True,5092,30.030643513789578,0,0.15332449693232775,0.03415794111788273,0.11114994273521006,0.2264733489137143,100
shortest_edge_selector,8ba7072288c2145a4cfd,tsp225,1,20260929,True,4864,24.20837589376915,0,0.15227135503664613,0.03387429192662239,0.11014104215428233,0.22629561182111502,102
nearest_neighbor,8ba7072288c2145a4cfd,tsp225,1,20260929,True,4864,24.20837589376915,0,0.0692384010180831,0.0342866750434041,0.0,0.020904392935335636,0
nearest_neighbor_two_opt,8ba7072288c2145a4cfd,tsp225,1,20260929,True,4031,2.936670071501532,0,0.2583827800117433,0.03402631706558168,0.0,0.02102401596494019,0
random_candidate,8ba7072288c2145a4cfd,tsp225,1,1101,True,5452,39.223697650663944,0,0.15901717194356024,0.034264013869687915,0.11653447872959077,0.2259132310282439,91
random_candidate,8ba7072288c2145a4cfd,tsp225,1,1102,True,5536,41.368743615934626,0,0.1568482059519738,0.0342945649754256,0.11446923622861505,0.22576347598806024,96
random_candidate,8ba7072288c2145a4cfd,tsp225,1,1103,True,6305,61.00612870275791,0,0.17181323701515794,0.03411679994314909,0.12944982573390007,0.22383479587733746,68
random_candidate,8ba7072288c2145a4cfd,tsp225,1,1104,True,5257,34.244126659857,0,0.15292950486764312,0.03406647779047489,0.11066411738283932,0.22531931311823428,102
random_candidate,8ba7072288c2145a4cfd,tsp225,1,1105,True,6041,54.264555669050054,0,0.16448186989873648,0.03407662804238498,0.12220943928696215,0.22559331101365387,81
nearest,b4e30346b4fe00bc1b40,kroC100,2,20260929,True,24857,19.79854450816907,0,0.028753055026754737,0.006825610063970089,0.02014010469429195,0.02568409009836614,57
one_step_lookahead,b4e30346b4fe00bc1b40,kroC100,2,20260929,True,31956,54.01224155380982,0,0.03093917085789144,0.006915771868079901,0.022225675638765097,0.025584547081962228,49
return_reserve,b4e30346b4fe00bc1b40,kroC100,2,20260929,True,22945,10.583642585184828,0,0.028077114140614867,0.006798949092626572,0.019476719666272402,0.025653999065980315,59
isolation_priority,b4e30346b4fe00bc1b40,kroC100,2,20260929,True,27215,31.162947611933106,0,0.03091733087785542,0.006847640965133905,0.022222516126930714,0.025605248054489493,49
shortest_edge_selector,b4e30346b4fe00bc1b40,kroC100,2,20260929,True,24857,19.79854450816907,0,0.02868887293152511,0.006875090999528766,0.01994004286825657,0.025465323124080896,57
nearest_neighbor,b4e30346b4fe00bc1b40,kroC100,2,20260929,True,24857,19.79854450816907,0,0.013854046119377017,0.0067017460241913795,0.0,0.004281171830371022,0
nearest_neighbor_two_opt,b4e30346b4fe00bc1b40,kroC100,2,20260929,True,22409,8.000385560749915,0,0.02319368300959468,0.00674062711186707,0.0,0.00425662100315094,0
random_candidate,b4e30346b4fe00bc1b40,kroC100,2,1101,True,33599,61.93069545520265,0,0.03168538515456021,0.006758758099749684,0.02304792101494968,0.02538357092998922,44
random_candidate,b4e30346b4fe00bc1b40,kroC100,2,1102,True,29544,42.387584943852715,0,0.029364183079451323,0.006795909022912383,0.020694979466497898,0.02533584996126592,54
random_candidate,b4e30346b4fe00bc1b40,kroC100,2,1103,True,29700,43.13942840618825,0,0.03092678217217326,0.006776347989216447,0.022283519618213177,0.025359450140967965,47
random_candidate,b4e30346b4fe00bc1b40,kroC100,2,1104,True,28608,37.87652416983951,0,0.0320110151078552,0.006768618011847138,0.023355734534561634,0.02519977488555014,44
random_candidate,b4e30346b4fe00bc1b40,kroC100,2,1105,True,27866,34.30044821437178,0,0.03070175484754145,0.006741467863321304,0.022070308215916157,0.025347669841721654,48
nearest,2be759485bc70e8c2517,kroA150,1,20260929,True,32959,24.261046599306287,0,0.0686512419488281,0.015181546797975898,0.04970415704883635,0.07551094307564199,65
one_step_lookahead,2be759485bc70e8c2517,kroA150,1,20260929,True,40815,53.87950535364199,0,0.0660073310136795,0.015143555821850896,0.047057976480573416,0.07492210483178496,74
return_reserve,2be759485bc70e8c2517,kroA150,1,20260929,True,32163,21.259990951591014,0,0.0692070098593831,0.015061544021591544,0.05033332924358547,0.07474656007252634,63
isolation_priority,2be759485bc70e8c2517,kroA150,1,20260929,True,35239,32.85703513798824,0,0.06858333991840482,0.015105864964425564,0.04969626013189554,0.07455233414657414,65
shortest_edge_selector,2be759485bc70e8c2517,kroA150,1,20260929,True,32959,24.261046599306287,0,0.06880665686912835,0.015209657838568091,0.04973264900036156,0.07500427798368037,65
nearest_neighbor,2be759485bc70e8c2517,kroA150,1,20260929,True,32959,24.261046599306287,0,0.030762105947360396,0.015080332988873124,0.0,0.00951153296045959,0
nearest_neighbor_two_opt,2be759485bc70e8c2517,kroA150,1,20260929,True,27979,5.485597949027296,0,0.07128206291235983,0.015000351937487721,0.0,0.009451701072975993,0
random_candidate,2be759485bc70e8c2517,kroA150,1,1101,True,35210,32.74770019604886,0,0.06975856702774763,0.01504687312990427,0.05085420422255993,0.07496909610927105,62
random_candidate,2be759485bc70e8c2517,kroA150,1,1102,True,38555,45.35892022319409,0,0.06827120087109506,0.015302730957046151,0.04905361938290298,0.0743610579520464,66
random_candidate,2be759485bc70e8c2517,kroA150,1,1103,True,32288,21.73126225305384,0,0.06478314404375851,0.01509495498612523,0.04579044249840081,0.07463939604349434,77
random_candidate,2be759485bc70e8c2517,kroA150,1,1104,True,40027,50.908611069220335,0,0.06614297488704324,0.015090613858774304,0.047190514393150806,0.07433499721810222,72
random_candidate,2be759485bc70e8c2517,kroA150,1,1105,True,35394,33.44141155180214,0,0.06807883502915502,0.015068724052980542,0.04914431995712221,0.07477239985018969,67
