model,contrast,dataset_id,scheduled_pairs,complete_pairs,gap_delta_pp,calls_delta
jev,C-B,bier127,3,3,-7.274986895723779,-2.6666666666666665
jev,C-B,kroA100,3,3,0.2662657018450633,1.3333333333333333
jev,C-B,kroA150,3,3,-3.28507515206354,0.3333333333333333
jev,C-B,kroB100,3,3,-0.33572708248649025,3
jev,C-B,kroB200,3,2,1.6390936576417428,4
jev,C-B,kroC100,3,3,-0.2345494561986937,0
jev,C-B,tsp225,3,3,-13.338440585631593,-12.333333333333334
jev,B-A,bier127,3,3,-25.476967473213726,-56.666666666666664
jev,B-A,kroA100,3,3,-19.396673244995775,-50.333333333333336
jev,B-A,kroA150,3,3,-30.885236012667775,-61.333333333333336
jev,B-A,kroB100,3,3,-37.136232931364134,-51
jev,B-A,kroB200,3,2,-27.667561232462543,-96
jev,B-A,kroC100,3,3,-34.57034073931274,-55
jev,B-A,tsp225,3,3,-56.196799455226426,-92.33333333333333
jev,C-A,bier127,3,3,-32.751954368937504,-59.333333333333336
jev,C-A,kroA100,3,3,-19.13040754315071,-49
jev,C-A,kroA150,3,3,-34.17031116473132,-61
jev,C-A,kroB100,3,3,-37.47196001385062,-48
jev,C-A,kroB200,3,3,-39.642853098707974,-92
jev,C-A,kroC100,3,3,-34.80489019551143,-55
jev,C-A,tsp225,3,3,-69.53524004085801,-104.66666666666667
qwen4,C-B,bier127,3,3,-3.5488634506236507,3.6666666666666665
qwen4,C-B,kroA100,3,3,-7.847006860257497,1
qwen4,C-B,kroA150,3,3,-12.191474387975669,-3.3333333333333335
qwen4,C-B,kroB100,3,3,-11.949174231817292,-0.6666666666666666
qwen4,C-B,kroB200,3,3,-4.509064555944332,2.6666666666666665
qwen4,C-B,kroC100,3,3,-8.705640432470641,-1.6666666666666667
qwen4,C-B,tsp225,3,3,-2.6387470207694945,15
qwen4,B-A,bier127,3,3,-159.5903575072003,-54.333333333333336
qwen4,B-A,kroA100,3,3,-170.27065125458134,-48
qwen4,B-A,kroA150,3,3,-345.5424018498969,-65
qwen4,B-A,kroB100,3,3,-151.66132213239388,-43.666666666666664
qwen4,B-A,kroB200,3,3,-390.94676767333624,-92.66666666666667
qwen4,B-A,kroC100,3,3,-159.10806946519511,-48
qwen4,B-A,tsp225,3,3,-466.802860061287,-104.33333333333333
qwen4,C-A,bier127,3,3,-163.13922095782397,-50.666666666666664
qwen4,C-A,kroA100,3,3,-178.11765811483883,-47
qwen4,C-A,kroA150,3,3,-357.7338762378726,-68.33333333333333
qwen4,C-A,kroB100,3,3,-163.61049636421117,-44.333333333333336
qwen4,C-A,kroB200,3,3,-395.4558322292806,-90
qwen4,C-A,kroC100,3,3,-167.81370989766575,-49.666666666666664
qwen4,C-A,tsp225,3,3,-469.4416070820566,-89.33333333333333
qwen9,C-B,bier127,3,3,-10.711970826781195,-11
qwen9,C-B,kroA100,3,3,-11.089183347429751,1.6666666666666667
qwen9,C-B,kroA150,3,3,-20.39285175689941,-7.666666666666667
qwen9,C-B,kroB100,3,3,-20.781958056697224,-6
qwen9,C-B,kroB200,3,3,-5.8044864173206046,-2
qwen9,C-B,kroC100,3,3,-22.581007920060404,-12.333333333333334
qwen9,C-B,tsp225,3,3,5.09022812393599,10.333333333333334
qwen9,B-A,bier127,3,3,-223.1765329185055,-49.333333333333336
qwen9,B-A,kroA100,3,3,-255.65266422328727,-44.333333333333336
qwen9,B-A,kroA150,3,3,-419.9831599054944,-58.666666666666664
qwen9,B-A,kroB100,3,3,-217.86881050238622,-44.666666666666664
qwen9,B-A,kroB200,3,3,-348.75610059901936,-92.66666666666667
qwen9,B-A,kroC100,3,3,-270.2989702314971,-43
qwen9,B-A,tsp225,3,3,-663.4150493701056,-112.33333333333333
qwen9,C-A,bier127,3,3,-233.8885037452867,-60.333333333333336
qwen9,C-A,kroA100,3,3,-266.741847570717,-42.666666666666664
qwen9,C-A,kroA150,3,3,-440.3760116623938,-66.33333333333333
qwen9,C-A,kroB100,3,3,-238.65076855908345,-50.666666666666664
qwen9,C-A,kroB200,3,3,-354.56058701634,-94.66666666666667
qwen9,C-A,kroC100,3,3,-292.8799781515575,-55.333333333333336
qwen9,C-A,tsp225,3,3,-658.3248212461696,-102
