model,task,units,arm,scheduled,complete,unsupported,failed,not_started,gap
qwen2,community_bipartition_construct,modularity units,A,29,29,0,0,0,0.2804580589380793
qwen2,community_bipartition_construct,modularity units,B,20,20,0,0,0,0.13588933488064325
qwen2,community_bipartition_construct,modularity units,C,26,26,0,0,0,0.132460330660321
qwen2,lt_influence_construct,active vertices,A,31,31,0,0,0,4.354838709677419
qwen2,lt_influence_construct,active vertices,B,28,28,0,0,0,0.39285714285714285
qwen2,lt_influence_construct,active vertices,C,33,33,0,0,0,0.45454545454545453
qwen2,maxcut_construct,cut edges,A,31,31,0,0,0,11.129032258064516
qwen2,maxcut_construct,cut edges,B,31,31,0,0,0,3.5161290322580645
qwen2,maxcut_construct,cut edges,C,27,27,0,0,0,4.0
qwen2,maxcut_public,percentage points,A,23,23,0,0,0,99.8303139447628
qwen2,maxcut_public,percentage points,B,25,25,0,0,0,61.18194507933005
qwen2,maxcut_public,percentage points,C,18,18,0,0,0,56.02243231960213
qwen2,tsp_construct,distance units,A,30,30,0,0,0,374.8
qwen2,tsp_construct,distance units,B,30,30,0,0,0,19.0
qwen2,tsp_construct,distance units,C,28,28,0,0,0,10.928571428571429
qwen2,tsp_public,percentage points,A,16,16,0,0,0,714.6648473604174
qwen2,tsp_public,percentage points,B,12,12,0,0,0,46.648208202446845
qwen2,tsp_public,percentage points,C,17,17,0,0,0,34.41697689450281
qwen27_grammar,community_bipartition_construct,modularity units,A,9,9,0,0,0,0.30124524574771955
qwen27_grammar,community_bipartition_construct,modularity units,B,8,8,0,0,0,0.006616257088846882
qwen27_grammar,community_bipartition_construct,modularity units,C,10,10,0,0,0,0.019070955582152327
qwen27_grammar,lt_influence_construct,active vertices,A,13,13,0,0,0,1.7692307692307692
qwen27_grammar,lt_influence_construct,active vertices,B,9,9,0,0,0,0.3333333333333333
qwen27_grammar,lt_influence_construct,active vertices,C,12,12,0,0,0,0.16666666666666666
qwen27_grammar,maxcut_construct,cut edges,A,14,14,0,0,0,14.071428571428571
qwen27_grammar,maxcut_construct,cut edges,B,7,7,0,0,0,0.42857142857142855
qwen27_grammar,maxcut_construct,cut edges,C,10,10,0,0,0,0.3
qwen27_grammar,maxcut_public,percentage points,A,10,10,0,0,0,100.53434385826392
qwen27_grammar,maxcut_public,percentage points,B,11,11,0,0,0,12.407557720057719
qwen27_grammar,maxcut_public,percentage points,C,5,5,0,0,0,12.137936381357434
qwen27_grammar,tsp_construct,distance units,A,11,11,0,0,0,197.45454545454547
qwen27_grammar,tsp_construct,distance units,B,11,11,0,0,0,3.6363636363636362
qwen27_grammar,tsp_construct,distance units,C,11,11,0,0,0,5.2727272727272725
qwen27_grammar,tsp_public,percentage points,A,7,7,0,0,0,40.14896005410494
qwen27_grammar,tsp_public,percentage points,B,4,4,0,0,0,37.88514460819805
qwen27_grammar,tsp_public,percentage points,C,6,6,0,0,0,28.394814952093345
qwen38_27b_bf16,community_bipartition_construct,modularity units,A,30,30,0,0,0,0.29816898162254707
qwen38_27b_bf16,community_bipartition_construct,modularity units,B,21,21,0,0,0,0.13008436780648813
qwen38_27b_bf16,community_bipartition_construct,modularity units,C,27,27,0,0,0,0.05271022358454753
qwen38_27b_bf16,lt_influence_construct,active vertices,A,32,32,0,0,0,1.53125
qwen38_27b_bf16,lt_influence_construct,active vertices,B,28,28,0,0,0,0.39285714285714285
qwen38_27b_bf16,lt_influence_construct,active vertices,C,34,34,0,0,0,0.35294117647058826
qwen38_27b_bf16,maxcut_construct,cut edges,A,32,32,0,0,0,10.96875
qwen38_27b_bf16,maxcut_construct,cut edges,B,32,32,0,0,0,3.84375
qwen38_27b_bf16,maxcut_construct,cut edges,C,29,29,0,0,0,2.3448275862068964
qwen38_27b_bf16,maxcut_public,percentage points,A,23,23,0,0,0,99.94936156381043
qwen38_27b_bf16,maxcut_public,percentage points,B,25,25,0,0,0,43.59462685364704
qwen38_27b_bf16,maxcut_public,percentage points,C,19,19,0,0,0,26.002394746050268
qwen38_27b_bf16,tsp_construct,distance units,A,31,31,0,0,0,221.41935483870967
qwen38_27b_bf16,tsp_construct,distance units,B,31,31,0,0,0,33.935483870967744
qwen38_27b_bf16,tsp_construct,distance units,C,28,28,0,0,0,8.714285714285714
qwen38_27b_bf16,tsp_public,percentage points,A,16,16,0,0,0,47.416951422630994
qwen38_27b_bf16,tsp_public,percentage points,B,14,14,0,0,0,40.69409403390715
qwen38_27b_bf16,tsp_public,percentage points,C,17,17,0,0,0,27.691329143492183
qwen4_grammar,community_bipartition_construct,modularity units,A,0,0,0,0,0,
qwen4_grammar,community_bipartition_construct,modularity units,B,1,1,0,0,0,0.19999999999999998
qwen4_grammar,community_bipartition_construct,modularity units,C,0,0,0,0,0,
qwen4_grammar,lt_influence_construct,active vertices,A,0,0,0,0,0,
qwen4_grammar,lt_influence_construct,active vertices,B,1,1,0,0,0,1.0
qwen4_grammar,lt_influence_construct,active vertices,C,0,0,0,0,0,
qwen4_grammar,maxcut_construct,cut edges,A,0,0,0,0,0,
qwen4_grammar,maxcut_construct,cut edges,B,0,0,0,0,0,
qwen4_grammar,maxcut_construct,cut edges,C,0,0,0,0,0,
qwen4_grammar,maxcut_public,percentage points,A,1,1,0,0,0,101.78571428571428
qwen4_grammar,maxcut_public,percentage points,B,0,0,0,0,0,
qwen4_grammar,maxcut_public,percentage points,C,0,0,0,0,0,
qwen4_grammar,tsp_construct,distance units,A,0,0,0,0,0,
qwen4_grammar,tsp_construct,distance units,B,0,0,0,0,0,
qwen4_grammar,tsp_construct,distance units,C,2,2,0,0,0,0.0
qwen4_grammar,tsp_public,percentage points,A,0,0,0,0,0,
qwen4_grammar,tsp_public,percentage points,B,0,0,0,0,0,
qwen4_grammar,tsp_public,percentage points,C,1,1,0,0,0,35.27248440168411
