task,units,method,gap,trajectories,instances
community_bipartition_construct,modularity units,assigned_gain,0.04137520624178688,40,40
community_bipartition_construct,modularity units,classical,0.281004150916392,40,40
community_bipartition_construct,modularity units,degree_balance,0.3268456786086575,40,40
community_bipartition_construct,modularity units,greedy_completion,0.009085637929109032,40,40
community_bipartition_construct,modularity units,opposite_completion,0.1240840193568765,40,40
community_bipartition_construct,modularity units,random_candidate,0.20960447327118137,200,40
lt_influence_construct,active vertices,classical,0.175,40,40
lt_influence_construct,active vertices,marginal_cascade,0.175,40,40
lt_influence_construct,active vertices,outdegree,0.7,40,40
lt_influence_construct,active vertices,random_candidate,0.5750000000000001,200,40
lt_influence_construct,active vertices,threshold_deficit,0.725,40,40
lt_influence_construct,active vertices,two_hop_reach,0.3,40,40
maxcut_construct,cut edges,assigned_gain,0.925,40,40
maxcut_construct,cut edges,classical,0.925,40,40
maxcut_construct,cut edges,degree_balance,4.2,40,40
maxcut_construct,cut edges,greedy_completion,0.25,40,40
maxcut_construct,cut edges,opposite_completion,9.975,40,40
maxcut_construct,cut edges,random_candidate,3.575,200,40
maxcut_public,percentage points,assigned_gain,29.202273240753875,30,30
maxcut_public,percentage points,classical,22.021020485270732,30,30
maxcut_public,percentage points,degree_balance,98.4845413116681,30,30
maxcut_public,percentage points,greedy_completion,11.022038013845362,30,30
maxcut_public,percentage points,opposite_completion,85.05246244860611,30,30
maxcut_public,percentage points,random_candidate,83.04333882001873,150,30
tsp_construct,distance units,classical,6.8,40,40
tsp_construct,distance units,isolation_priority,8.6,40,40
tsp_construct,distance units,nearest,6.8,40,40
tsp_construct,distance units,one_step_lookahead,12.05,40,40
tsp_construct,distance units,random_candidate,31.03,200,40
tsp_construct,distance units,return_reserve,6.4,40,40
tsp_public,percentage points,classical,5.932658535972427,21,21
tsp_public,percentage points,isolation_priority,32.16113836224558,21,21
tsp_public,percentage points,nearest,27.64531200716811,21,21
tsp_public,percentage points,one_step_lookahead,56.85543680531146,21,21
tsp_public,percentage points,random_candidate,42.853678947201495,105,21
tsp_public,percentage points,return_reserve,16.011355273353267,21,21
