method,label,task,scheduled,completed,mean_gap_percent,median_wall_seconds
jev,Jev (native action),tsp_public,21,21,66.01385663076613,20.946413865778595
jev,Jev (native action),maxcut_public,30,30,104.26179601535443,21.24690261296928
qwen08,Qwen3.5-0.8B,tsp_public,21,21,750.5321639740337,48.757863607024774
qwen08,Qwen3.5-0.8B,maxcut_public,30,30,100.64296911359142,33.52089962048922
qwen2,Qwen3.5-2B,tsp_public,21,21,715.9639117802815,55.591087254928425
qwen2,Qwen3.5-2B,maxcut_public,30,30,100.2272620197976,35.42610934458207
qwen4,Qwen3.5-4B,tsp_public,21,21,307.1149989904585,103.48673772392794
qwen4,Qwen3.5-4B,maxcut_public,30,30,100.04544383797942,49.44811218441464
qwen9,Qwen3.5-9B,tsp_public,21,21,381.8210326116498,154.55551038496196
qwen9,Qwen3.5-9B,maxcut_public,30,30,97.30698167978869,71.28689057950396
random,Uniform random,tsp_public,21,21,772.661189171339,0.0041033560410141945
nearest_neighbor,Nearest neighbor,tsp_public,21,21,27.64531200716811,0.009167744079604745
nearest_neighbor_two_opt,Nearest neighbor + 2-opt,tsp_public,21,21,5.932658535972427,0.03515065903775394
random,Uniform random,maxcut_public,30,30,100.27981681540106,0.0009667305275797844
greedy,Incremental greedy,maxcut_public,30,30,29.202273240753875,0.0011111196363344789
greedy_single_flip,Greedy + single-flip search,maxcut_public,30,30,22.021020485270732,0.0013056803727522492
