model,dataset_id,task,replicate,nodes,feasible,objective,reference,reference_status,gap_percent,wall_seconds,calls,probability_audit_failures,source_manifest_sha256,model_call_seconds
jev,kroB200,tsp_public,0,200,True,42085,29437,proven_optimum,42.96633488466895,32.38610192993656,198,92,24d8715d04a79f077e36c5eb92ee4e3611d000a7917326c57674d022b104acb3,28.479745417600498
jev,tsp225,tsp_public,2,225,True,7116,3916,proven_optimum,81.71603677221655,43.14847235591151,223,100,8a59c7519a81f7e04d84ec386eb2317776627f9733347794c69ec1d01f6bcee7,37.35093807685189
jev,sg3dl056000,maxcut_public,0,125,True,2,110,best_known,98.18181818181819,16.319877557922155,124,0,24d8715d04a79f077e36c5eb92ee4e3611d000a7917326c57674d022b104acb3,15.285400579450652
jev,kroA150,tsp_public,2,150,True,40795,26524,proven_optimum,53.804101945407936,20.671428298112005,148,64,24d8715d04a79f077e36c5eb92ee4e3611d000a7917326c57674d022b104acb3,18.82637627539225
jev,sg3dl055000,maxcut_public,0,125,True,-2,112,best_known,101.78571428571428,18.722229721024632,124,0,24d8715d04a79f077e36c5eb92ee4e3611d000a7917326c57674d022b104acb3,17.651822817511857
jev,tsp225,tsp_public,0,225,True,8566,3916,proven_optimum,118.74361593462717,37.920869341120124,223,86,8a59c7519a81f7e04d84ec386eb2317776627f9733347794c69ec1d01f6bcee7,32.412804638035595
jev,sg3dl058000,maxcut_public,2,125,True,-6,108,best_known,105.55555555555556,20.1280076559633,124,0,24d8715d04a79f077e36c5eb92ee4e3611d000a7917326c57674d022b104acb3,18.888053392991424
jev,sg3dl054000,maxcut_public,2,125,True,-24,114,best_known,121.05263157894737,19.700260276906192,124,0,24d8715d04a79f077e36c5eb92ee4e3611d000a7917326c57674d022b104acb3,18.603493579896167
jev,sg3dl051000,maxcut_public,0,125,True,-4,110,best_known,103.63636363636364,18.926316612865776,124,0,24d8715d04a79f077e36c5eb92ee4e3611d000a7917326c57674d022b104acb3,17.929629654157907
jev,bier127,tsp_public,2,127,True,192592,118282,proven_optimum,62.82443651612248,21.38752602902241,125,52,24d8715d04a79f077e36c5eb92ee4e3611d000a7917326c57674d022b104acb3,20.135358513798565
jev,kroA100,tsp_public,1,100,True,28231,21282,proven_optimum,32.65200639037684,15.785742273787037,98,34,24d8715d04a79f077e36c5eb92ee4e3611d000a7917326c57674d022b104acb3,15.092379706911743
jev,kroB200,tsp_public,1,200,True,57879,29437,proven_optimum,96.61990012569215,39.36396354995668,198,106,24d8715d04a79f077e36c5eb92ee4e3611d000a7917326c57674d022b104acb3,35.368593408260494
jev,kroB100,tsp_public,2,100,True,34679,22141,proven_optimum,56.62797524953705,14.63339225994423,98,34,24d8715d04a79f077e36c5eb92ee4e3611d000a7917326c57674d022b104acb3,13.896366518456489
jev,kroB100,tsp_public,0,100,True,34488,22141,proven_optimum,55.7653222528341,13.571690683020279,98,36,24d8715d04a79f077e36c5eb92ee4e3611d000a7917326c57674d022b104acb3,12.844048036262393
jev,kroA100,tsp_public,2,100,True,33565,21282,proven_optimum,57.71544027816935,13.675980963977054,98,23,24d8715d04a79f077e36c5eb92ee4e3611d000a7917326c57674d022b104acb3,12.78237077430822
jev,sg3dl058000,maxcut_public,1,125,True,-12,108,best_known,111.11111111111111,22.7827479459811,124,0,24d8715d04a79f077e36c5eb92ee4e3611d000a7917326c57674d022b104acb3,21.581446735886857
jev,sg3dl054000,maxcut_public,0,125,True,-12,114,best_known,110.5263157894737,22.515553008997813,124,0,24d8715d04a79f077e36c5eb92ee4e3611d000a7917326c57674d022b104acb3,21.34437393117696
jev,sg3dl052000,maxcut_public,0,125,True,-6,112,best_known,105.35714285714286,24.81036953185685,124,0,24d8715d04a79f077e36c5eb92ee4e3611d000a7917326c57674d022b104acb3,23.774081513751298
jev,sg3dl053000,maxcut_public,1,125,True,-10,106,best_known,109.43396226415094,21.71575816697441,124,0,24d8715d04a79f077e36c5eb92ee4e3611d000a7917326c57674d022b104acb3,20.685547895962372
jev,sg3dl059000,maxcut_public,2,125,True,-2,110,best_known,101.81818181818181,21.066371900960803,124,0,24d8715d04a79f077e36c5eb92ee4e3611d000a7917326c57674d022b104acb3,20.03806757577695
jev,sg3dl057000,maxcut_public,0,125,True,-16,112,best_known,114.28571428571428,20.577415706124157,124,0,24d8715d04a79f077e36c5eb92ee4e3611d000a7917326c57674d022b104acb3,19.335849919123575
jev,sg3dl056000,maxcut_public,2,125,True,0,110,best_known,100.0,21.11099055293016,124,0,24d8715d04a79f077e36c5eb92ee4e3611d000a7917326c57674d022b104acb3,20.08243403513916
jev,bier127,tsp_public,0,127,True,185736,118282,proven_optimum,57.02811924045924,20.946413865778595,125,40,24d8715d04a79f077e36c5eb92ee4e3611d000a7917326c57674d022b104acb3,19.713354321429506
jev,kroA150,tsp_public,0,150,True,45165,26524,proven_optimum,70.27974664454834,26.47918218304403,148,63,24d8715d04a79f077e36c5eb92ee4e3611d000a7917326c57674d022b104acb3,24.60251659224741
jev,sg3dl0510000,maxcut_public,2,125,True,-14,112,best_known,112.5,23.013834454119205,124,0,24d8715d04a79f077e36c5eb92ee4e3611d000a7917326c57674d022b104acb3,21.765066147316247
jev,bier127,tsp_public,1,127,True,172050,118282,proven_optimum,45.457466055697395,21.8441057309974,125,51,24d8715d04a79f077e36c5eb92ee4e3611d000a7917326c57674d022b104acb3,20.56124315271154
jev,sg3dl052000,maxcut_public,1,125,True,2,112,best_known,98.21428571428571,21.418094345834106,124,0,24d8715d04a79f077e36c5eb92ee4e3611d000a7917326c57674d022b104acb3,20.29782632761635
jev,sg3dl051000,maxcut_public,2,125,True,0,110,best_known,100.0,19.85583675489761,124,0,24d8715d04a79f077e36c5eb92ee4e3611d000a7917326c57674d022b104acb3,18.79328145738691
jev,kroC100,tsp_public,1,100,True,38357,20749,proven_optimum,84.86192105643646,13.379834301071241,98,28,24d8715d04a79f077e36c5eb92ee4e3611d000a7917326c57674d022b104acb3,12.61015743156895
jev,sg3dl058000,maxcut_public,0,125,True,-10,108,best_known,109.25925925925925,18.883557938039303,124,0,24d8715d04a79f077e36c5eb92ee4e3611d000a7917326c57674d022b104acb3,17.406054427148774
jev,sg3dl0510000,maxcut_public,0,125,True,-2,112,best_known,101.78571428571428,21.390363947022706,124,0,24d8715d04a79f077e36c5eb92ee4e3611d000a7917326c57674d022b104acb3,20.11961775762029
jev,sg3dl055000,maxcut_public,1,125,True,-8,112,best_known,107.14285714285714,21.779815020039678,124,0,24d8715d04a79f077e36c5eb92ee4e3611d000a7917326c57674d022b104acb3,20.731678446754813
jev,sg3dl055000,maxcut_public,2,125,True,-2,112,best_known,101.78571428571428,21.382814673008397,124,0,24d8715d04a79f077e36c5eb92ee4e3611d000a7917326c57674d022b104acb3,20.26440922403708
jev,sg3dl053000,maxcut_public,2,125,True,0,106,best_known,100.0,22.062825876986608,124,0,24d8715d04a79f077e36c5eb92ee4e3611d000a7917326c57674d022b104acb3,20.809337104205042
jev,kroB200,tsp_public,2,200,True,50857,29437,proven_optimum,72.76556714339097,35.66266155196354,198,98,24d8715d04a79f077e36c5eb92ee4e3611d000a7917326c57674d022b104acb3,31.650292890844867
jev,kroB100,tsp_public,1,100,True,41909,22141,proven_optimum,89.28232690483718,14.008307548006997,98,30,24d8715d04a79f077e36c5eb92ee4e3611d000a7917326c57674d022b104acb3,13.094857539050281
jev,kroA100,tsp_public,0,100,True,33135,21282,proven_optimum,55.694953481815624,13.768189430003986,98,24,24d8715d04a79f077e36c5eb92ee4e3611d000a7917326c57674d022b104acb3,13.039602944627404
jev,sg3dl059000,maxcut_public,1,125,True,-4,110,best_known,103.63636363636364,17.18726503616199,124,0,24d8715d04a79f077e36c5eb92ee4e3611d000a7917326c57674d022b104acb3,16.128096143947914
jev,kroC100,tsp_public,0,100,True,30220,20749,proven_optimum,45.64557328064003,12.550606646109372,98,30,24d8715d04a79f077e36c5eb92ee4e3611d000a7917326c57674d022b104acb3,11.81476812204346
jev,sg3dl057000,maxcut_public,1,125,True,0,112,best_known,100.0,21.01997070410289,124,0,24d8715d04a79f077e36c5eb92ee4e3611d000a7917326c57674d022b104acb3,20.009647737024352
jev,tsp225,tsp_public,1,225,True,7529,3916,proven_optimum,92.26251276813075,40.44902338995598,223,100,8a59c7519a81f7e04d84ec386eb2317776627f9733347794c69ec1d01f6bcee7,34.9335052119568
jev,kroC100,tsp_public,2,100,True,31069,20749,proven_optimum,49.73733673911996,18.6587942969054,98,34,24d8715d04a79f077e36c5eb92ee4e3611d000a7917326c57674d022b104acb3,17.953288359800354
jev,sg3dl059000,maxcut_public,0,125,True,-6,110,best_known,105.45454545454544,22.363858760800213,124,0,24d8715d04a79f077e36c5eb92ee4e3611d000a7917326c57674d022b104acb3,21.3428976458963
jev,sg3dl054000,maxcut_public,1,125,True,-4,114,best_known,103.50877192982458,22.145646332064644,124,0,24d8715d04a79f077e36c5eb92ee4e3611d000a7917326c57674d022b104acb3,21.092398326843977
jev,sg3dl053000,maxcut_public,0,125,True,-2,106,best_known,101.88679245283019,20.894748114980757,124,0,24d8715d04a79f077e36c5eb92ee4e3611d000a7917326c57674d022b104acb3,19.87734306859784
jev,sg3dl056000,maxcut_public,1,125,True,6,110,best_known,94.54545454545455,22.28714185487479,124,0,24d8715d04a79f077e36c5eb92ee4e3611d000a7917326c57674d022b104acb3,21.257703371113166
jev,sg3dl052000,maxcut_public,2,125,True,2,112,best_known,98.21428571428571,20.858129021013156,124,0,24d8715d04a79f077e36c5eb92ee4e3611d000a7917326c57674d022b104acb3,19.849565781187266
jev,kroA150,tsp_public,1,150,True,43457,26524,proven_optimum,63.84029558136027,27.23407234600745,148,62,24d8715d04a79f077e36c5eb92ee4e3611d000a7917326c57674d022b104acb3,24.916157472180203
jev,sg3dl057000,maxcut_public,2,125,True,8,112,best_known,92.85714285714286,22.171254554996267,124,0,24d8715d04a79f077e36c5eb92ee4e3611d000a7917326c57674d022b104acb3,21.14111871086061
jev,sg3dl0510000,maxcut_public,1,125,True,-14,112,best_known,112.5,21.104933416005224,124,0,24d8715d04a79f077e36c5eb92ee4e3611d000a7917326c57674d022b104acb3,19.77503643766977
jev,sg3dl051000,maxcut_public,1,125,True,-2,110,best_known,101.81818181818181,21.857806626008824,124,0,24d8715d04a79f077e36c5eb92ee4e3611d000a7917326c57674d022b104acb3,20.829292831243947
qwen08,kroB200,tsp_public,0,200,True,345722,29437,proven_optimum,1074.4471243672929,96.59191191708669,198,0,24d8715d04a79f077e36c5eb92ee4e3611d000a7917326c57674d022b104acb3,93.0691911985632
qwen08,tsp225,tsp_public,2,225,True,41244,3916,proven_optimum,953.2175689479061,92.51171715697274,223,0,8a59c7519a81f7e04d84ec386eb2317776627f9733347794c69ec1d01f6bcee7,86.29636796936393
qwen08,sg3dl056000,maxcut_public,0,125,True,-4,110,best_known,103.63636363636364,37.63463972392492,124,0,24d8715d04a79f077e36c5eb92ee4e3611d000a7917326c57674d022b104acb3,36.67828356730752
qwen08,kroA150,tsp_public,2,150,True,233135,26524,proven_optimum,778.9586789322877,69.97974825487472,148,0,24d8715d04a79f077e36c5eb92ee4e3611d000a7917326c57674d022b104acb3,68.33615377056412
qwen08,sg3dl055000,maxcut_public,0,125,True,-4,112,best_known,103.57142857142858,38.852558608865365,124,0,24d8715d04a79f077e36c5eb92ee4e3611d000a7917326c57674d022b104acb3,37.85847901017405
qwen08,tsp225,tsp_public,0,225,True,39194,3916,proven_optimum,900.8682328907048,94.85566220805049,223,0,8a59c7519a81f7e04d84ec386eb2317776627f9733347794c69ec1d01f6bcee7,88.66665666829795
qwen08,sg3dl058000,maxcut_public,2,125,True,4,108,best_known,96.29629629629629,42.32666761893779,124,0,24d8715d04a79f077e36c5eb92ee4e3611d000a7917326c57674d022b104acb3,41.10277063585818
qwen08,sg3dl054000,maxcut_public,2,125,True,2,114,best_known,98.24561403508771,37.04949555895291,124,0,24d8715d04a79f077e36c5eb92ee4e3611d000a7917326c57674d022b104acb3,35.81026604841463
qwen08,sg3dl051000,maxcut_public,0,125,True,-2,110,best_known,101.81818181818181,39.30767151596956,124,0,24d8715d04a79f077e36c5eb92ee4e3611d000a7917326c57674d022b104acb3,38.04579298244789
qwen08,bier127,tsp_public,2,127,True,650084,118282,proven_optimum,449.6051808390119,58.48994560702704,125,0,24d8715d04a79f077e36c5eb92ee4e3611d000a7917326c57674d022b104acb3,57.29242243547924
qwen08,kroA100,tsp_public,1,100,True,158474,21282,proven_optimum,644.6386617799079,42.00587679306045,98,0,24d8715d04a79f077e36c5eb92ee4e3611d000a7917326c57674d022b104acb3,41.30627163988538
qwen08,kroB200,tsp_public,1,200,True,335113,29437,proven_optimum,1038.4074464109794,85.02691650087945,198,0,24d8715d04a79f077e36c5eb92ee4e3611d000a7917326c57674d022b104acb3,81.17172594601288
qwen08,kroB100,tsp_public,2,100,True,156383,22141,proven_optimum,606.305044939253,38.217367904027924,98,0,24d8715d04a79f077e36c5eb92ee4e3611d000a7917326c57674d022b104acb3,37.49118958064355
qwen08,kroB100,tsp_public,0,100,True,174458,22141,proven_optimum,687.9409240775033,39.12084310990758,98,0,24d8715d04a79f077e36c5eb92ee4e3611d000a7917326c57674d022b104acb3,38.44737235899083
qwen08,kroA100,tsp_public,2,100,True,159436,21282,proven_optimum,649.1589136359365,36.418475253973156,98,0,24d8715d04a79f077e36c5eb92ee4e3611d000a7917326c57674d022b104acb3,35.68157604755834
qwen08,sg3dl058000,maxcut_public,1,125,True,4,108,best_known,96.29629629629629,37.34849938098341,124,0,24d8715d04a79f077e36c5eb92ee4e3611d000a7917326c57674d022b104acb3,36.02858712757006
qwen08,sg3dl054000,maxcut_public,0,125,True,-8,114,best_known,107.01754385964912,38.91601406503469,124,0,24d8715d04a79f077e36c5eb92ee4e3611d000a7917326c57674d022b104acb3,37.685283802682534
qwen08,sg3dl052000,maxcut_public,0,125,True,4,112,best_known,96.42857142857143,37.0136850301642,124,0,24d8715d04a79f077e36c5eb92ee4e3611d000a7917326c57674d022b104acb3,35.9127496953588
qwen08,sg3dl053000,maxcut_public,1,125,True,-2,106,best_known,101.88679245283019,33.680899906903505,124,0,24d8715d04a79f077e36c5eb92ee4e3611d000a7917326c57674d022b104acb3,31.936137006618083
qwen08,sg3dl059000,maxcut_public,2,125,True,-6,110,best_known,105.45454545454544,35.75694676209241,124,0,24d8715d04a79f077e36c5eb92ee4e3611d000a7917326c57674d022b104acb3,34.454601034289226
qwen08,sg3dl057000,maxcut_public,0,125,True,4,112,best_known,96.42857142857143,38.14602939388715,124,0,24d8715d04a79f077e36c5eb92ee4e3611d000a7917326c57674d022b104acb3,37.11467034649104
qwen08,sg3dl056000,maxcut_public,2,125,True,-4,110,best_known,103.63636363636364,38.274735811166465,124,0,24d8715d04a79f077e36c5eb92ee4e3611d000a7917326c57674d022b104acb3,37.21993406047113
qwen08,bier127,tsp_public,0,127,True,653563,118282,proven_optimum,452.5464567727972,53.22746021207422,125,0,24d8715d04a79f077e36c5eb92ee4e3611d000a7917326c57674d022b104acb3,51.93626411026344
qwen08,kroA150,tsp_public,0,150,True,254544,26524,proven_optimum,859.6742572764289,58.7966777079273,148,0,24d8715d04a79f077e36c5eb92ee4e3611d000a7917326c57674d022b104acb3,56.445558353792876
qwen08,sg3dl0510000,maxcut_public,2,125,True,6,112,best_known,94.64285714285714,33.36089933407493,124,0,24d8715d04a79f077e36c5eb92ee4e3611d000a7917326c57674d022b104acb3,31.959695990895852
qwen08,bier127,tsp_public,1,127,True,628031,118282,proven_optimum,430.9607548063103,47.14115428808145,125,0,24d8715d04a79f077e36c5eb92ee4e3611d000a7917326c57674d022b104acb3,45.41705953888595
qwen08,sg3dl052000,maxcut_public,1,125,True,4,112,best_known,96.42857142857143,33.89038249501027,124,0,24d8715d04a79f077e36c5eb92ee4e3611d000a7917326c57674d022b104acb3,32.51902945456095
qwen08,sg3dl051000,maxcut_public,2,125,True,4,110,best_known,96.36363636363636,32.693237274186686,124,0,24d8715d04a79f077e36c5eb92ee4e3611d000a7917326c57674d022b104acb3,31.10875121341087
qwen08,kroC100,tsp_public,1,100,True,162326,20749,proven_optimum,682.3316786351149,29.37791670113802,98,0,24d8715d04a79f077e36c5eb92ee4e3611d000a7917326c57674d022b104acb3,28.57116032228805
qwen08,sg3dl058000,maxcut_public,0,125,True,2,108,best_known,98.14814814814815,29.592420866014436,124,0,24d8715d04a79f077e36c5eb92ee4e3611d000a7917326c57674d022b104acb3,28.20154574746266
qwen08,sg3dl0510000,maxcut_public,0,125,True,-6,112,best_known,105.35714285714286,31.276099137030542,124,0,24d8715d04a79f077e36c5eb92ee4e3611d000a7917326c57674d022b104acb3,30.042289845179766
qwen08,sg3dl055000,maxcut_public,1,125,True,-8,112,best_known,107.14285714285714,30.838462732033804,124,0,24d8715d04a79f077e36c5eb92ee4e3611d000a7917326c57674d022b104acb3,29.46552468230948
qwen08,sg3dl055000,maxcut_public,2,125,True,-6,112,best_known,105.35714285714286,32.0082968370989,124,0,24d8715d04a79f077e36c5eb92ee4e3611d000a7917326c57674d022b104acb3,30.636755135376006
qwen08,sg3dl053000,maxcut_public,2,125,True,-2,106,best_known,101.88679245283019,33.15225497097708,124,0,24d8715d04a79f077e36c5eb92ee4e3611d000a7917326c57674d022b104acb3,31.756296097300947
qwen08,kroB200,tsp_public,2,200,True,329912,29437,proven_optimum,1020.7392057614566,94.13113137497567,198,0,24d8715d04a79f077e36c5eb92ee4e3611d000a7917326c57674d022b104acb3,89.67876809625886
qwen08,kroB100,tsp_public,1,100,True,166630,22141,proven_optimum,652.5857007361908,40.05771917896345,98,0,24d8715d04a79f077e36c5eb92ee4e3611d000a7917326c57674d022b104acb3,39.257783737266436
qwen08,kroA100,tsp_public,0,100,True,168766,21282,proven_optimum,692.9987783103091,41.06943259597756,98,0,24d8715d04a79f077e36c5eb92ee4e3611d000a7917326c57674d022b104acb3,40.30112579953857
qwen08,sg3dl059000,maxcut_public,1,125,True,12,110,best_known,89.0909090909091,28.976576460059732,124,0,24d8715d04a79f077e36c5eb92ee4e3611d000a7917326c57674d022b104acb3,27.612574825063348
qwen08,kroC100,tsp_public,0,100,True,188589,20749,proven_optimum,808.9064533230518,42.79712775791995,98,0,24d8715d04a79f077e36c5eb92ee4e3611d000a7917326c57674d022b104acb3,41.996307604713365
qwen08,sg3dl057000,maxcut_public,1,125,True,-10,112,best_known,108.92857142857142,35.863959359936416,124,0,24d8715d04a79f077e36c5eb92ee4e3611d000a7917326c57674d022b104acb3,34.48834263230674
qwen08,tsp225,tsp_public,1,225,True,39048,3916,proven_optimum,897.1399387129724,79.82832045503892,223,0,8a59c7519a81f7e04d84ec386eb2317776627f9733347794c69ec1d01f6bcee7,73.68696351256222
qwen08,kroC100,tsp_public,2,100,True,159361,20749,proven_optimum,668.0418333413659,35.61746685998514,98,0,24d8715d04a79f077e36c5eb92ee4e3611d000a7917326c57674d022b104acb3,34.8176759397611
qwen08,sg3dl059000,maxcut_public,0,125,True,-6,110,best_known,105.45454545454544,29.74637717101723,124,0,24d8715d04a79f077e36c5eb92ee4e3611d000a7917326c57674d022b104acb3,28.353259205119684
qwen08,sg3dl054000,maxcut_public,1,125,True,-4,114,best_known,103.50877192982458,31.35135219199583,124,0,24d8715d04a79f077e36c5eb92ee4e3611d000a7917326c57674d022b104acb3,29.90069331531413
qwen08,sg3dl053000,maxcut_public,0,125,True,2,106,best_known,98.11320754716981,32.44814050197601,124,0,24d8715d04a79f077e36c5eb92ee4e3611d000a7917326c57674d022b104acb3,31.261681192321703
qwen08,sg3dl056000,maxcut_public,1,125,True,2,110,best_known,98.18181818181819,32.98854031320661,124,0,24d8715d04a79f077e36c5eb92ee4e3611d000a7917326c57674d022b104acb3,31.78064876352437
qwen08,sg3dl052000,maxcut_public,2,125,True,-6,112,best_known,105.35714285714286,33.962282058084384,124,0,24d8715d04a79f077e36c5eb92ee4e3611d000a7917326c57674d022b104acb3,32.44560794206336
qwen08,kroA150,tsp_public,1,150,True,241820,26524,proven_optimum,811.702608957925,48.757863607024774,148,0,24d8715d04a79f077e36c5eb92ee4e3611d000a7917326c57674d022b104acb3,46.49770983099006
qwen08,sg3dl057000,maxcut_public,2,125,True,4,112,best_known,96.42857142857143,31.199574216036126,124,0,24d8715d04a79f077e36c5eb92ee4e3611d000a7917326c57674d022b104acb3,30.034583834931254
qwen08,sg3dl0510000,maxcut_public,1,125,True,0,112,best_known,100.0,33.05215358408168,124,0,24d8715d04a79f077e36c5eb92ee4e3611d000a7917326c57674d022b104acb3,31.517344070598483
qwen08,sg3dl051000,maxcut_public,1,125,True,2,110,best_known,98.18181818181819,32.53374471887946,124,0,24d8715d04a79f077e36c5eb92ee4e3611d000a7917326c57674d022b104acb3,31.17505802679807
qwen2,kroB200,tsp_public,0,200,True,333674,29437,proven_optimum,1033.519040663111,129.58389844512567,198,0,24d8715d04a79f077e36c5eb92ee4e3611d000a7917326c57674d022b104acb3,125.99063679948449
qwen2,tsp225,tsp_public,2,225,True,39965,3916,proven_optimum,920.5566905005106,125.05951836099848,223,0,8a59c7519a81f7e04d84ec386eb2317776627f9733347794c69ec1d01f6bcee7,118.67371854744852
qwen2,sg3dl056000,maxcut_public,0,125,True,2,110,best_known,98.18181818181819,48.67844317597337,124,0,24d8715d04a79f077e36c5eb92ee4e3611d000a7917326c57674d022b104acb3,47.7119793149177
qwen2,kroA150,tsp_public,2,150,True,230406,26524,proven_optimum,768.6698838787513,94.07309577707201,148,0,24d8715d04a79f077e36c5eb92ee4e3611d000a7917326c57674d022b104acb3,92.40811143210158
qwen2,sg3dl055000,maxcut_public,0,125,True,-2,112,best_known,101.78571428571428,41.04121689288877,124,0,24d8715d04a79f077e36c5eb92ee4e3611d000a7917326c57674d022b104acb3,39.72110327612609
qwen2,tsp225,tsp_public,0,225,True,39938,3916,proven_optimum,919.8672114402452,127.4902959940955,223,0,8a59c7519a81f7e04d84ec386eb2317776627f9733347794c69ec1d01f6bcee7,121.29410626832396
qwen2,sg3dl058000,maxcut_public,2,125,True,0,108,best_known,100.0,50.68031050404534,124,0,24d8715d04a79f077e36c5eb92ee4e3611d000a7917326c57674d022b104acb3,49.664241700433195
qwen2,sg3dl054000,maxcut_public,2,125,True,0,114,best_known,100.0,42.82610735902563,124,0,24d8715d04a79f077e36c5eb92ee4e3611d000a7917326c57674d022b104acb3,41.40016874554567
qwen2,sg3dl051000,maxcut_public,0,125,True,-4,110,best_known,103.63636363636364,44.126085076946765,124,0,24d8715d04a79f077e36c5eb92ee4e3611d000a7917326c57674d022b104acb3,42.68033823790029
qwen2,bier127,tsp_public,2,127,True,616121,118282,proven_optimum,420.89159804534927,70.20334750111215,125,0,24d8715d04a79f077e36c5eb92ee4e3611d000a7917326c57674d022b104acb3,69.094162378693
qwen2,kroA100,tsp_public,1,100,True,157078,21282,proven_optimum,638.0791279015131,58.38950696703978,98,0,24d8715d04a79f077e36c5eb92ee4e3611d000a7917326c57674d022b104acb3,57.729392303852364
qwen2,kroB200,tsp_public,1,200,True,311582,29437,proven_optimum,958.4706321975744,104.31972862617113,198,0,24d8715d04a79f077e36c5eb92ee4e3611d000a7917326c57674d022b104acb3,99.72487209946848
qwen2,kroB100,tsp_public,2,100,True,146990,22141,proven_optimum,563.8814868343796,52.40175327495672,98,0,24d8715d04a79f077e36c5eb92ee4e3611d000a7917326c57674d022b104acb3,51.749986060662195
qwen2,kroB100,tsp_public,0,100,True,172522,22141,proven_optimum,679.1969649067341,44.883210617816076,98,0,24d8715d04a79f077e36c5eb92ee4e3611d000a7917326c57674d022b104acb3,44.209586980519816
qwen2,kroA100,tsp_public,2,100,True,144143,21282,proven_optimum,577.3000657832911,44.884361393982545,98,0,24d8715d04a79f077e36c5eb92ee4e3611d000a7917326c57674d022b104acb3,44.20472903363407
qwen2,sg3dl058000,maxcut_public,1,125,True,0,108,best_known,100.0,38.41215369687416,124,0,24d8715d04a79f077e36c5eb92ee4e3611d000a7917326c57674d022b104acb3,37.325063184602186
qwen2,sg3dl054000,maxcut_public,0,125,True,-4,114,best_known,103.50877192982458,38.79784151399508,124,0,24d8715d04a79f077e36c5eb92ee4e3611d000a7917326c57674d022b104acb3,37.66874859924428
qwen2,sg3dl052000,maxcut_public,0,125,True,4,112,best_known,96.42857142857143,39.20450176089071,124,0,24d8715d04a79f077e36c5eb92ee4e3611d000a7917326c57674d022b104acb3,37.81136631476693
qwen2,sg3dl053000,maxcut_public,1,125,True,0,106,best_known,100.0,33.16190447099507,124,0,24d8715d04a79f077e36c5eb92ee4e3611d000a7917326c57674d022b104acb3,31.816459921887144
qwen2,sg3dl059000,maxcut_public,2,125,True,0,110,best_known,100.0,34.63586633699015,124,0,24d8715d04a79f077e36c5eb92ee4e3611d000a7917326c57674d022b104acb3,33.30515086767264
qwen2,sg3dl057000,maxcut_public,0,125,True,2,112,best_known,98.21428571428571,31.957891677040607,124,0,24d8715d04a79f077e36c5eb92ee4e3611d000a7917326c57674d022b104acb3,30.745108349714428
qwen2,sg3dl056000,maxcut_public,2,125,True,-2,110,best_known,101.81818181818181,33.27577863796614,124,0,24d8715d04a79f077e36c5eb92ee4e3611d000a7917326c57674d022b104acb3,32.094246646389365
qwen2,bier127,tsp_public,0,127,True,621113,118282,proven_optimum,425.1120204257622,55.591087254928425,125,0,24d8715d04a79f077e36c5eb92ee4e3611d000a7917326c57674d022b104acb3,54.19435163913295
qwen2,kroA150,tsp_public,0,150,True,233344,26524,proven_optimum,779.7466445483335,66.44096146989614,148,0,24d8715d04a79f077e36c5eb92ee4e3611d000a7917326c57674d022b104acb3,64.29389471048489
qwen2,sg3dl0510000,maxcut_public,2,125,True,0,112,best_known,100.0,36.825741497799754,124,0,24d8715d04a79f077e36c5eb92ee4e3611d000a7917326c57674d022b104acb3,35.62130014481954
qwen2,bier127,tsp_public,1,127,True,618998,118282,proven_optimum,423.3239207994454,50.73453510319814,125,0,24d8715d04a79f077e36c5eb92ee4e3611d000a7917326c57674d022b104acb3,49.3034767662175
qwen2,sg3dl052000,maxcut_public,1,125,True,-2,112,best_known,101.78571428571428,33.98631036700681,124,0,24d8715d04a79f077e36c5eb92ee4e3611d000a7917326c57674d022b104acb3,32.380035751499236
qwen2,sg3dl051000,maxcut_public,2,125,True,0,110,best_known,100.0,32.747308637946844,124,0,24d8715d04a79f077e36c5eb92ee4e3611d000a7917326c57674d022b104acb3,31.301247850293294
qwen2,kroC100,tsp_public,1,100,True,159382,20749,proven_optimum,668.1430430382187,32.743616335093975,98,0,24d8715d04a79f077e36c5eb92ee4e3611d000a7917326c57674d022b104acb3,31.95751772564836
qwen2,sg3dl058000,maxcut_public,0,125,True,2,108,best_known,98.14814814814815,33.59924972685985,124,0,24d8715d04a79f077e36c5eb92ee4e3611d000a7917326c57674d022b104acb3,32.2256115344353
qwen2,sg3dl0510000,maxcut_public,0,125,True,2,112,best_known,98.21428571428571,33.24233289202675,124,0,24d8715d04a79f077e36c5eb92ee4e3611d000a7917326c57674d022b104acb3,31.88503692066297
qwen2,sg3dl055000,maxcut_public,1,125,True,-2,112,best_known,101.78571428571428,33.665741187054664,124,0,24d8715d04a79f077e36c5eb92ee4e3611d000a7917326c57674d022b104acb3,32.48543404042721
qwen2,sg3dl055000,maxcut_public,2,125,True,-2,112,best_known,101.78571428571428,39.61643256689422,124,0,24d8715d04a79f077e36c5eb92ee4e3611d000a7917326c57674d022b104acb3,37.94519995874725
qwen2,sg3dl053000,maxcut_public,2,125,True,0,106,best_known,100.0,45.00092014297843,124,0,24d8715d04a79f077e36c5eb92ee4e3611d000a7917326c57674d022b104acb3,43.80342394532636
qwen2,kroB200,tsp_public,2,200,True,294366,29437,proven_optimum,899.9864116587968,112.44649534393102,198,0,24d8715d04a79f077e36c5eb92ee4e3611d000a7917326c57674d022b104acb3,107.93636283557862
qwen2,kroB100,tsp_public,1,100,True,160250,22141,proven_optimum,623.7703807416107,53.046642649918795,98,0,24d8715d04a79f077e36c5eb92ee4e3611d000a7917326c57674d022b104acb3,52.24798822822049
qwen2,kroA100,tsp_public,0,100,True,159181,21282,proven_optimum,647.9607179776336,46.38054539915174,98,0,24d8715d04a79f077e36c5eb92ee4e3611d000a7917326c57674d022b104acb3,45.60485643451102
qwen2,sg3dl059000,maxcut_public,1,125,True,6,110,best_known,94.54545454545455,36.007337822113186,124,0,24d8715d04a79f077e36c5eb92ee4e3611d000a7917326c57674d022b104acb3,34.782080959295854
qwen2,kroC100,tsp_public,0,100,True,177320,20749,proven_optimum,754.5954021880573,47.85709554096684,98,0,24d8715d04a79f077e36c5eb92ee4e3611d000a7917326c57674d022b104acb3,46.83591968426481
qwen2,sg3dl057000,maxcut_public,1,125,True,-2,112,best_known,101.78571428571428,46.045555270975456,124,0,24d8715d04a79f077e36c5eb92ee4e3611d000a7917326c57674d022b104acb3,44.697991750668734
qwen2,tsp225,tsp_public,1,225,True,40308,3916,proven_optimum,929.3156281920327,119.37003139778972,223,0,8a59c7519a81f7e04d84ec386eb2317776627f9733347794c69ec1d01f6bcee7,112.94930099183694
qwen2,kroC100,tsp_public,2,100,True,153745,20749,proven_optimum,640.9754686972866,47.06411100109108,98,0,24d8715d04a79f077e36c5eb92ee4e3611d000a7917326c57674d022b104acb3,46.29384314781055
qwen2,sg3dl059000,maxcut_public,0,125,True,2,110,best_known,98.18181818181819,37.37659444194287,124,0,24d8715d04a79f077e36c5eb92ee4e3611d000a7917326c57674d022b104acb3,36.047328162705526
qwen2,sg3dl054000,maxcut_public,1,125,True,-4,114,best_known,103.50877192982458,37.42078880686313,124,0,24d8715d04a79f077e36c5eb92ee4e3611d000a7917326c57674d022b104acb3,35.89696404803544
qwen2,sg3dl053000,maxcut_public,0,125,True,2,106,best_known,98.11320754716981,29.97796502499841,124,0,24d8715d04a79f077e36c5eb92ee4e3611d000a7917326c57674d022b104acb3,28.767808817792684
qwen2,sg3dl056000,maxcut_public,1,125,True,0,110,best_known,100.0,29.061389764072374,124,0,24d8715d04a79f077e36c5eb92ee4e3611d000a7917326c57674d022b104acb3,27.614841028116643
qwen2,sg3dl052000,maxcut_public,2,125,True,2,112,best_known,98.21428571428571,33.10036395397037,124,0,24d8715d04a79f077e36c5eb92ee4e3611d000a7917326c57674d022b104acb3,31.872817194554955
qwen2,kroA150,tsp_public,1,150,True,228605,26524,proven_optimum,761.8798069672749,47.98129874118604,148,0,24d8715d04a79f077e36c5eb92ee4e3611d000a7917326c57674d022b104acb3,45.70578716439195
qwen2,sg3dl057000,maxcut_public,2,125,True,-2,112,best_known,101.78571428571428,34.84488086705096,124,0,24d8715d04a79f077e36c5eb92ee4e3611d000a7917326c57674d022b104acb3,33.537842710735276
qwen2,sg3dl0510000,maxcut_public,1,125,True,-4,112,best_known,103.57142857142858,32.218412153888494,124,0,24d8715d04a79f077e36c5eb92ee4e3611d000a7917326c57674d022b104acb3,30.735684329643846
qwen2,sg3dl051000,maxcut_public,1,125,True,-2,110,best_known,101.81818181818181,30.906376129947603,124,0,24d8715d04a79f077e36c5eb92ee4e3611d000a7917326c57674d022b104acb3,29.374805113999173
qwen4,kroB200,tsp_public,0,200,True,157237,29437,proven_optimum,434.14750144376126,281.7719449028373,198,0,24d8715d04a79f077e36c5eb92ee4e3611d000a7917326c57674d022b104acb3,277.9542395975441
qwen4,tsp225,tsp_public,2,225,True,21445,3916,proven_optimum,447.62512768130745,281.2994904939551,223,0,8a59c7519a81f7e04d84ec386eb2317776627f9733347794c69ec1d01f6bcee7,274.1559587207157
qwen4,sg3dl056000,maxcut_public,0,125,True,2,110,best_known,98.18181818181819,107.91720448806882,124,0,24d8715d04a79f077e36c5eb92ee4e3611d000a7917326c57674d022b104acb3,106.91206799191423
qwen4,kroA150,tsp_public,2,150,True,126243,26524,proven_optimum,375.95762328457243,220.24943041079678,148,0,24d8715d04a79f077e36c5eb92ee4e3611d000a7917326c57674d022b104acb3,218.56645867740735
qwen4,sg3dl055000,maxcut_public,0,125,True,-2,112,best_known,101.78571428571428,85.04834527382627,124,0,24d8715d04a79f077e36c5eb92ee4e3611d000a7917326c57674d022b104acb3,84.0445478670299
qwen4,tsp225,tsp_public,0,225,True,26398,3916,proven_optimum,574.1062308478039,278.72216148511507,223,0,8a59c7519a81f7e04d84ec386eb2317776627f9733347794c69ec1d01f6bcee7,271.5022395569831
qwen4,sg3dl058000,maxcut_public,2,125,True,0,108,best_known,100.0,80.84353034896776,124,0,24d8715d04a79f077e36c5eb92ee4e3611d000a7917326c57674d022b104acb3,79.84846494486555
qwen4,sg3dl054000,maxcut_public,2,125,True,0,114,best_known,100.0,72.37571084010415,124,0,24d8715d04a79f077e36c5eb92ee4e3611d000a7917326c57674d022b104acb3,70.92065481492318
qwen4,sg3dl051000,maxcut_public,0,125,True,-4,110,best_known,103.63636363636364,75.95364907593466,124,0,24d8715d04a79f077e36c5eb92ee4e3611d000a7917326c57674d022b104acb3,74.62474709609523
qwen4,bier127,tsp_public,2,127,True,350059,118282,proven_optimum,195.9528922405776,135.77128042909317,125,0,24d8715d04a79f077e36c5eb92ee4e3611d000a7917326c57674d022b104acb3,134.47713319188915
qwen4,kroA100,tsp_public,1,100,True,65182,21282,proven_optimum,206.277605488206,103.48673772392794,98,0,24d8715d04a79f077e36c5eb92ee4e3611d000a7917326c57674d022b104acb3,102.76394522446208
qwen4,kroB200,tsp_public,1,200,True,156568,29437,proven_optimum,431.8748513775181,193.4598914280068,198,0,24d8715d04a79f077e36c5eb92ee4e3611d000a7917326c57674d022b104acb3,189.311781643657
qwen4,kroB100,tsp_public,2,100,True,66345,22141,proven_optimum,199.64771238878097,96.94172266707756,98,0,24d8715d04a79f077e36c5eb92ee4e3611d000a7917326c57674d022b104acb3,96.1775371923577
qwen4,kroB100,tsp_public,0,100,True,67883,22141,proven_optimum,206.594101440766,88.16612499114126,98,0,24d8715d04a79f077e36c5eb92ee4e3611d000a7917326c57674d022b104acb3,87.3836122804787
qwen4,kroA100,tsp_public,2,100,True,70365,21282,proven_optimum,230.63151959402313,86.58462978200987,98,0,24d8715d04a79f077e36c5eb92ee4e3611d000a7917326c57674d022b104acb3,85.79233495471999
qwen4,sg3dl058000,maxcut_public,1,125,True,0,108,best_known,100.0,44.24549112399109,124,0,24d8715d04a79f077e36c5eb92ee4e3611d000a7917326c57674d022b104acb3,42.852800813969225
qwen4,sg3dl054000,maxcut_public,0,125,True,-4,114,best_known,103.50877192982458,47.29856123495847,124,0,24d8715d04a79f077e36c5eb92ee4e3611d000a7917326c57674d022b104acb3,46.120748178102076
qwen4,sg3dl052000,maxcut_public,0,125,True,4,112,best_known,96.42857142857143,44.56748187309131,124,0,24d8715d04a79f077e36c5eb92ee4e3611d000a7917326c57674d022b104acb3,43.36787538300268
qwen4,sg3dl053000,maxcut_public,1,125,True,0,106,best_known,100.0,40.465041327057406,124,0,24d8715d04a79f077e36c5eb92ee4e3611d000a7917326c57674d022b104acb3,39.123560396255925
qwen4,sg3dl059000,maxcut_public,2,125,True,0,110,best_known,100.0,42.716538154985756,124,0,24d8715d04a79f077e36c5eb92ee4e3611d000a7917326c57674d022b104acb3,41.30476623494178
qwen4,sg3dl057000,maxcut_public,0,125,True,2,112,best_known,98.21428571428571,49.2651684419252,124,0,24d8715d04a79f077e36c5eb92ee4e3611d000a7917326c57674d022b104acb3,47.71468575578183
qwen4,sg3dl056000,maxcut_public,2,125,True,-2,110,best_known,101.81818181818181,52.306195243028924,124,0,24d8715d04a79f077e36c5eb92ee4e3611d000a7917326c57674d022b104acb3,51.010330378543586
qwen4,bier127,tsp_public,0,127,True,363014,118282,proven_optimum,206.90553085000252,115.26791401393712,125,0,24d8715d04a79f077e36c5eb92ee4e3611d000a7917326c57674d022b104acb3,113.77121892408468
qwen4,kroA150,tsp_public,0,150,True,137385,26524,proven_optimum,417.96486201176293,122.47977586905472,148,0,24d8715d04a79f077e36c5eb92ee4e3611d000a7917326c57674d022b104acb3,120.20883907750249
qwen4,sg3dl0510000,maxcut_public,2,125,True,0,112,best_known,100.0,73.0813775898423,124,0,24d8715d04a79f077e36c5eb92ee4e3611d000a7917326c57674d022b104acb3,71.68674031668343
qwen4,bier127,tsp_public,1,127,True,367045,118282,proven_optimum,210.31348810469893,99.98682360909879,125,0,24d8715d04a79f077e36c5eb92ee4e3611d000a7917326c57674d022b104acb3,98.3731820830144
qwen4,sg3dl052000,maxcut_public,1,125,True,-2,112,best_known,101.78571428571428,45.4248345871456,124,0,24d8715d04a79f077e36c5eb92ee4e3611d000a7917326c57674d022b104acb3,43.92613839521073
qwen4,sg3dl051000,maxcut_public,2,125,True,0,110,best_known,100.0,44.16940075997263,124,0,24d8715d04a79f077e36c5eb92ee4e3611d000a7917326c57674d022b104acb3,42.71361598954536
qwen4,kroC100,tsp_public,1,100,True,58250,20749,proven_optimum,180.7364210323389,47.93387032602914,98,0,24d8715d04a79f077e36c5eb92ee4e3611d000a7917326c57674d022b104acb3,47.0628137299791
qwen4,sg3dl058000,maxcut_public,0,125,True,2,108,best_known,98.14814814814815,37.099511979846284,124,0,24d8715d04a79f077e36c5eb92ee4e3611d000a7917326c57674d022b104acb3,35.60136310150847
qwen4,sg3dl0510000,maxcut_public,0,125,True,2,112,best_known,98.21428571428571,36.58275246503763,124,0,24d8715d04a79f077e36c5eb92ee4e3611d000a7917326c57674d022b104acb3,35.294161558151245
qwen4,sg3dl055000,maxcut_public,1,125,True,-2,112,best_known,101.78571428571428,46.64179025404155,124,0,24d8715d04a79f077e36c5eb92ee4e3611d000a7917326c57674d022b104acb3,45.301491080084816
qwen4,sg3dl055000,maxcut_public,2,125,True,-2,112,best_known,101.78571428571428,66.48047574004158,124,0,24d8715d04a79f077e36c5eb92ee4e3611d000a7917326c57674d022b104acb3,65.04724130476825
qwen4,sg3dl053000,maxcut_public,2,125,True,0,106,best_known,100.0,73.66021190909669,124,0,24d8715d04a79f077e36c5eb92ee4e3611d000a7917326c57674d022b104acb3,72.43020308855921
qwen4,kroB200,tsp_public,2,200,True,158194,29437,proven_optimum,437.3985120766382,198.80265267100185,198,0,24d8715d04a79f077e36c5eb92ee4e3611d000a7917326c57674d022b104acb3,193.93380833347328
qwen4,kroB100,tsp_public,1,100,True,61365,22141,proven_optimum,177.15550336479834,89.45980864297599,98,0,24d8715d04a79f077e36c5eb92ee4e3611d000a7917326c57674d022b104acb3,88.58443497586995
qwen4,kroA100,tsp_public,0,100,True,64364,21282,proven_optimum,202.4339817686308,75.3285311050713,98,0,24d8715d04a79f077e36c5eb92ee4e3611d000a7917326c57674d022b104acb3,74.43628113693558
qwen4,sg3dl059000,maxcut_public,1,125,True,6,110,best_known,94.54545454545455,63.80628682393581,124,0,24d8715d04a79f077e36c5eb92ee4e3611d000a7917326c57674d022b104acb3,62.34063122444786
qwen4,kroC100,tsp_public,0,100,True,64093,20749,proven_optimum,208.89681430430383,101.94995947903953,98,0,24d8715d04a79f077e36c5eb92ee4e3611d000a7917326c57674d022b104acb3,101.07002099743113
qwen4,sg3dl057000,maxcut_public,1,125,True,-2,112,best_known,101.78571428571428,78.20417645107955,124,0,24d8715d04a79f077e36c5eb92ee4e3611d000a7917326c57674d022b104acb3,76.86394241754897
qwen4,tsp225,tsp_public,1,225,True,23511,3916,proven_optimum,500.3830439223698,283.8322500018403,223,0,8a59c7519a81f7e04d84ec386eb2317776627f9733347794c69ec1d01f6bcee7,276.79231212474406
qwen4,kroC100,tsp_public,2,100,True,66868,20749,proven_optimum,222.2709528170032,76.79765053698793,98,0,24d8715d04a79f077e36c5eb92ee4e3611d000a7917326c57674d022b104acb3,75.92072583548725
qwen4,sg3dl059000,maxcut_public,0,125,True,2,110,best_known,98.18181818181819,58.48444366501644,124,0,24d8715d04a79f077e36c5eb92ee4e3611d000a7917326c57674d022b104acb3,57.089296446647495
qwen4,sg3dl054000,maxcut_public,1,125,True,-4,114,best_known,103.50877192982458,56.97014748491347,124,0,24d8715d04a79f077e36c5eb92ee4e3611d000a7917326c57674d022b104acb3,55.43528284272179
qwen4,sg3dl053000,maxcut_public,0,125,True,2,106,best_known,98.11320754716981,45.08475046302192,124,0,24d8715d04a79f077e36c5eb92ee4e3611d000a7917326c57674d022b104acb3,43.74888480617665
qwen4,sg3dl056000,maxcut_public,1,125,True,0,110,best_known,100.0,41.61428988701664,124,0,24d8715d04a79f077e36c5eb92ee4e3611d000a7917326c57674d022b104acb3,40.337518809363246
qwen4,sg3dl052000,maxcut_public,2,125,True,2,112,best_known,98.21428571428571,40.405140039045364,124,0,24d8715d04a79f077e36c5eb92ee4e3611d000a7917326c57674d022b104acb3,39.01312846457586
qwen4,kroA150,tsp_public,1,150,True,127883,26524,proven_optimum,382.14070275976474,76.37325623794459,148,0,24d8715d04a79f077e36c5eb92ee4e3611d000a7917326c57674d022b104acb3,74.07092175120488
qwen4,sg3dl057000,maxcut_public,2,125,True,-2,112,best_known,101.78571428571428,49.63105592690408,124,0,24d8715d04a79f077e36c5eb92ee4e3611d000a7917326c57674d022b104acb3,48.34608318354003
qwen4,sg3dl0510000,maxcut_public,1,125,True,-4,112,best_known,103.57142857142858,50.46814937912859,124,0,24d8715d04a79f077e36c5eb92ee4e3611d000a7917326c57674d022b104acb3,49.204143641050905
qwen4,sg3dl051000,maxcut_public,1,125,True,4,110,best_known,96.36363636363636,44.96909536491148,124,0,24d8715d04a79f077e36c5eb92ee4e3611d000a7917326c57674d022b104acb3,43.62794602382928
qwen9,kroB200,tsp_public,0,200,True,110990,29437,proven_optimum,277.04249753711315,404.38255581003614,198,0,24d8715d04a79f077e36c5eb92ee4e3611d000a7917326c57674d022b104acb3,400.44893150916323
qwen9,tsp225,tsp_public,2,225,True,28399,3916,proven_optimum,625.2042900919306,427.5069893100299,223,0,8a59c7519a81f7e04d84ec386eb2317776627f9733347794c69ec1d01f6bcee7,420.5023547846358
qwen9,sg3dl056000,maxcut_public,0,125,True,2,110,best_known,98.18181818181819,168.51294465293176,124,0,24d8715d04a79f077e36c5eb92ee4e3611d000a7917326c57674d022b104acb3,167.28893157234415
qwen9,kroA150,tsp_public,2,150,True,153664,26524,proven_optimum,479.3394661438697,329.9600601508282,148,0,24d8715d04a79f077e36c5eb92ee4e3611d000a7917326c57674d022b104acb3,327.9728953524027
qwen9,sg3dl055000,maxcut_public,0,125,True,14,112,best_known,87.5,128.48757238616236,124,0,24d8715d04a79f077e36c5eb92ee4e3611d000a7917326c57674d022b104acb3,127.34734953590669
qwen9,tsp225,tsp_public,0,225,True,30617,3916,proven_optimum,681.8437180796732,425.15282131917775,223,0,8a59c7519a81f7e04d84ec386eb2317776627f9733347794c69ec1d01f6bcee7,417.8271830731537
qwen9,sg3dl058000,maxcut_public,2,125,True,-8,108,best_known,107.40740740740742,107.21630413713865,124,0,24d8715d04a79f077e36c5eb92ee4e3611d000a7917326c57674d022b104acb3,106.03480422613211
qwen9,sg3dl054000,maxcut_public,2,125,True,10,114,best_known,91.22807017543859,100.45673218788579,124,0,24d8715d04a79f077e36c5eb92ee4e3611d000a7917326c57674d022b104acb3,99.30558195337653
qwen9,sg3dl051000,maxcut_public,0,125,True,-2,110,best_known,101.81818181818181,114.06514049111865,124,0,24d8715d04a79f077e36c5eb92ee4e3611d000a7917326c57674d022b104acb3,112.7776271183975
qwen9,bier127,tsp_public,2,127,True,399125,118282,proven_optimum,237.4351126967755,208.07713373890147,125,0,24d8715d04a79f077e36c5eb92ee4e3611d000a7917326c57674d022b104acb3,206.75541913555935
qwen9,kroA100,tsp_public,1,100,True,71947,21282,proven_optimum,238.06503148200355,154.55551038496196,98,0,24d8715d04a79f077e36c5eb92ee4e3611d000a7917326c57674d022b104acb3,153.77619610424154
qwen9,kroB200,tsp_public,1,200,True,172921,29437,proven_optimum,487.42738730169515,280.00976919499226,198,0,24d8715d04a79f077e36c5eb92ee4e3611d000a7917326c57674d022b104acb3,275.2886044338811
qwen9,kroB100,tsp_public,2,100,True,101084,22141,proven_optimum,356.5466781084865,138.59183897916228,98,0,24d8715d04a79f077e36c5eb92ee4e3611d000a7917326c57674d022b104acb3,137.73970685829408
qwen9,kroB100,tsp_public,0,100,True,86406,22141,proven_optimum,290.2533760896075,136.9590284829028,98,0,24d8715d04a79f077e36c5eb92ee4e3611d000a7917326c57674d022b104acb3,136.0717338817194
qwen9,kroA100,tsp_public,2,100,True,75285,21282,proven_optimum,253.74964758951228,122.63396733882837,98,0,24d8715d04a79f077e36c5eb92ee4e3611d000a7917326c57674d022b104acb3,121.74712954415008
qwen9,sg3dl058000,maxcut_public,1,125,True,2,108,best_known,98.14814814814815,52.05180470715277,124,0,24d8715d04a79f077e36c5eb92ee4e3611d000a7917326c57674d022b104acb3,50.66876614280045
qwen9,sg3dl054000,maxcut_public,0,125,True,0,114,best_known,100.0,51.40127140888944,124,0,24d8715d04a79f077e36c5eb92ee4e3611d000a7917326c57674d022b104acb3,50.063103983411565
qwen9,sg3dl052000,maxcut_public,0,125,True,-2,112,best_known,101.78571428571428,49.839895775076,124,0,24d8715d04a79f077e36c5eb92ee4e3611d000a7917326c57674d022b104acb3,48.452642971184105
qwen9,sg3dl053000,maxcut_public,1,125,True,-10,106,best_known,109.43396226415094,48.16335030598566,124,0,24d8715d04a79f077e36c5eb92ee4e3611d000a7917326c57674d022b104acb3,46.89085635822266
qwen9,sg3dl059000,maxcut_public,2,125,True,8,110,best_known,92.72727272727272,60.10405710688792,124,0,24d8715d04a79f077e36c5eb92ee4e3611d000a7917326c57674d022b104acb3,58.736348333302885
qwen9,sg3dl057000,maxcut_public,0,125,True,12,112,best_known,89.28571428571429,71.53956178505905,124,0,24d8715d04a79f077e36c5eb92ee4e3611d000a7917326c57674d022b104acb3,70.24793456774205
qwen9,sg3dl056000,maxcut_public,2,125,True,8,110,best_known,92.72727272727272,78.89487252221443,124,0,24d8715d04a79f077e36c5eb92ee4e3611d000a7917326c57674d022b104acb3,77.61413977341726
qwen9,bier127,tsp_public,0,127,True,405887,118282,proven_optimum,243.15195887793578,170.0440648959484,125,0,24d8715d04a79f077e36c5eb92ee4e3611d000a7917326c57674d022b104acb3,168.53867346141487
qwen9,kroA150,tsp_public,0,150,True,151954,26524,proven_optimum,472.89247473985824,178.4571173840668,148,0,24d8715d04a79f077e36c5eb92ee4e3611d000a7917326c57674d022b104acb3,176.02043569996022
qwen9,sg3dl0510000,maxcut_public,2,125,True,12,112,best_known,89.28571428571429,108.21521850209683,124,0,24d8715d04a79f077e36c5eb92ee4e3611d000a7917326c57674d022b104acb3,106.87465335032903
qwen9,bier127,tsp_public,1,127,True,445228,118282,proven_optimum,276.4123028017788,142.18045625998639,125,0,24d8715d04a79f077e36c5eb92ee4e3611d000a7917326c57674d022b104acb3,140.57167904288508
qwen9,sg3dl052000,maxcut_public,1,125,True,2,112,best_known,98.21428571428571,68.71862767706625,124,0,24d8715d04a79f077e36c5eb92ee4e3611d000a7917326c57674d022b104acb3,67.33930255938321
qwen9,sg3dl051000,maxcut_public,2,125,True,18,110,best_known,83.63636363636363,65.46017812611535,124,0,24d8715d04a79f077e36c5eb92ee4e3611d000a7917326c57674d022b104acb3,64.17465033824556
qwen9,kroC100,tsp_public,1,100,True,83141,20749,proven_optimum,300.69882885922215,73.32919553318061,98,0,24d8715d04a79f077e36c5eb92ee4e3611d000a7917326c57674d022b104acb3,72.46068635489792
qwen9,sg3dl058000,maxcut_public,0,125,True,-14,108,best_known,112.96296296296295,62.36396263213828,124,0,24d8715d04a79f077e36c5eb92ee4e3611d000a7917326c57674d022b104acb3,60.90632793493569
qwen9,sg3dl0510000,maxcut_public,0,125,True,-8,112,best_known,107.14285714285714,59.008031090022996,124,0,24d8715d04a79f077e36c5eb92ee4e3611d000a7917326c57674d022b104acb3,57.77358313789591
qwen9,sg3dl055000,maxcut_public,1,125,True,10,112,best_known,91.07142857142857,58.893918118905276,124,0,24d8715d04a79f077e36c5eb92ee4e3611d000a7917326c57674d022b104acb3,57.570598668651655
qwen9,sg3dl055000,maxcut_public,2,125,True,8,112,best_known,92.85714285714286,94.97839468694292,124,0,24d8715d04a79f077e36c5eb92ee4e3611d000a7917326c57674d022b104acb3,93.56162274372764
qwen9,sg3dl053000,maxcut_public,2,125,True,-4,106,best_known,103.77358490566037,103.83105918392539,124,0,24d8715d04a79f077e36c5eb92ee4e3611d000a7917326c57674d022b104acb3,102.45210595545359
qwen9,kroB200,tsp_public,2,200,True,143201,29437,proven_optimum,386.4660121615654,323.43414706992917,198,0,24d8715d04a79f077e36c5eb92ee4e3611d000a7917326c57674d022b104acb3,318.5982301684562
qwen9,kroB100,tsp_public,1,100,True,56516,22141,proven_optimum,155.25495686735016,133.30807435885072,98,0,24d8715d04a79f077e36c5eb92ee4e3611d000a7917326c57674d022b104acb3,132.41109089786187
qwen9,kroA100,tsp_public,0,100,True,103906,21282,proven_optimum,388.2341885161169,122.23758208798245,98,0,24d8715d04a79f077e36c5eb92ee4e3611d000a7917326c57674d022b104acb3,121.35638251015916
qwen9,sg3dl059000,maxcut_public,1,125,True,2,110,best_known,98.18181818181819,98.27978524495848,124,0,24d8715d04a79f077e36c5eb92ee4e3611d000a7917326c57674d022b104acb3,96.93086637696251
qwen9,kroC100,tsp_public,0,100,True,99987,20749,proven_optimum,381.88828377271193,138.0046922750771,98,0,24d8715d04a79f077e36c5eb92ee4e3611d000a7917326c57674d022b104acb3,137.11452146829106
qwen9,sg3dl057000,maxcut_public,1,125,True,18,112,best_known,83.92857142857143,115.70286734006368,124,0,24d8715d04a79f077e36c5eb92ee4e3611d000a7917326c57674d022b104acb3,114.37024991959333
qwen9,tsp225,tsp_public,1,225,True,33877,3916,proven_optimum,765.0919305413687,430.3919828920625,223,0,8a59c7519a81f7e04d84ec386eb2317776627f9733347794c69ec1d01f6bcee7,422.92125875502825
qwen9,kroC100,tsp_public,2,100,True,76161,20749,proven_optimum,267.0586534290809,123.89858039305545,98,0,24d8715d04a79f077e36c5eb92ee4e3611d000a7917326c57674d022b104acb3,123.02734364313073
qwen9,sg3dl059000,maxcut_public,0,125,True,8,110,best_known,92.72727272727272,89.42334839096293,124,0,24d8715d04a79f077e36c5eb92ee4e3611d000a7917326c57674d022b104acb3,88.07607927871868
qwen9,sg3dl054000,maxcut_public,1,125,True,-26,114,best_known,122.80701754385966,86.52503041899763,124,0,24d8715d04a79f077e36c5eb92ee4e3611d000a7917326c57674d022b104acb3,85.18018260784447
qwen9,sg3dl053000,maxcut_public,0,125,True,14,106,best_known,86.79245283018868,60.13397546811029,124,0,24d8715d04a79f077e36c5eb92ee4e3611d000a7917326c57674d022b104acb3,58.872039201902226
qwen9,sg3dl056000,maxcut_public,1,125,True,-6,110,best_known,105.45454545454544,60.69263220299035,124,0,24d8715d04a79f077e36c5eb92ee4e3611d000a7917326c57674d022b104acb3,59.310853202594444
qwen9,sg3dl052000,maxcut_public,2,125,True,4,112,best_known,96.42857142857143,65.22660715784878,124,0,24d8715d04a79f077e36c5eb92ee4e3611d000a7917326c57674d022b104acb3,63.883626936236396
qwen9,kroA150,tsp_public,1,150,True,146992,26524,proven_optimum,454.18488915698987,116.4675101658795,148,0,24d8715d04a79f077e36c5eb92ee4e3611d000a7917326c57674d022b104acb3,114.13042712793685
qwen9,sg3dl057000,maxcut_public,2,125,True,4,112,best_known,96.42857142857143,73.9737085190136,124,0,24d8715d04a79f077e36c5eb92ee4e3611d000a7917326c57674d022b104acb3,72.57831486081704
qwen9,sg3dl0510000,maxcut_public,1,125,True,0,112,best_known,100.0,71.03421937394887,124,0,24d8715d04a79f077e36c5eb92ee4e3611d000a7917326c57674d022b104acb3,69.69982391851954
qwen9,sg3dl051000,maxcut_public,1,125,True,14,110,best_known,87.27272727272727,63.30216483701952,124,0,24d8715d04a79f077e36c5eb92ee4e3611d000a7917326c57674d022b104acb3,62.016866374062374
