rq,dataset,task,condition,cases,first_invalid_count,additional_attempts,additional_model_calls,final_invalid_count,first_model_calls,selected_model_calls,total_model_calls
RQ1,,adjacency,,80,0,0,0,0,80,80,80
RQ1,,articulation_point,,80,0,0,0,0,80,80,80
RQ1,,cycle_detection,,80,0,0,0,0,80,80,80
RQ1,,degree_exact,,400,0,0,0,0,400,400,400
RQ1,,distance_threshold,,80,0,0,0,0,80,80,80
RQ1,,pair_connectivity,,80,0,0,0,0,80,80,80
RQ2,arxiv,graph_text,A,100,0,0,0,0,100,100,100
RQ2,arxiv,graph_text,BAG,100,0,0,0,0,100,100,100
RQ2,arxiv,graph_text,G,100,0,0,0,0,100,100,100
RQ2,arxiv,graph_text,T,100,0,0,0,0,100,100,100
RQ2,arxiv,graph_text,TG,100,0,0,0,0,100,100,100
RQ2,prime,graph_text,A,100,0,0,0,0,100,100,100
RQ2,prime,graph_text,BAG,100,1,1,1,0,100,100,101
RQ2,prime,graph_text,G,100,4,6,6,0,100,100,106
RQ2,prime,graph_text,T,100,0,0,0,0,100,100,100
RQ2,prime,graph_text,TG,100,4,77,77,2,100,100,177
RQ3,,community_bipartition_construct,A,10,0,0,0,0,990,990,990
RQ3,,community_bipartition_construct,C,10,0,0,0,0,704,704,704
RQ3,,lt_influence_construct,A,10,0,0,0,0,20,20,20
RQ3,,lt_influence_construct,C,10,0,0,0,0,12,12,12
RQ3,,maxcut_public,A,10,0,0,0,0,1240,1240,1240
RQ3,,maxcut_public,C,10,0,0,0,0,987,987,987
RQ3,,tsp_public,A,10,1,2,211,0,1199,1257,1410
RQ3,,tsp_public,C,10,0,0,0,0,668,668,668
