dataset,query_id,condition,record_id,correct,output_legal
arxiv,103018,A,arxiv.103018.A,1,1
arxiv,103018,BAG,arxiv.103018.BAG,0,1
arxiv,103018,G,arxiv.103018.G,0,1
arxiv,103018,T,arxiv.103018.T,0,1
arxiv,103018,TG,arxiv.103018.TG,0,1
arxiv,103059,A,arxiv.103059.A,0,1
arxiv,103059,BAG,arxiv.103059.BAG,1,1
arxiv,103059,G,arxiv.103059.G,1,1
arxiv,103059,T,arxiv.103059.T,0,1
arxiv,103059,TG,arxiv.103059.TG,0,1
arxiv,103881,A,arxiv.103881.A,0,1
arxiv,103881,BAG,arxiv.103881.BAG,1,1
arxiv,103881,G,arxiv.103881.G,1,1
arxiv,103881,T,arxiv.103881.T,1,1
arxiv,103881,TG,arxiv.103881.TG,1,1
arxiv,103955,A,arxiv.103955.A,0,1
arxiv,103955,BAG,arxiv.103955.BAG,1,1
arxiv,103955,G,arxiv.103955.G,1,1
arxiv,103955,T,arxiv.103955.T,1,1
arxiv,103955,TG,arxiv.103955.TG,1,1
arxiv,105582,A,arxiv.105582.A,0,1
arxiv,105582,BAG,arxiv.105582.BAG,1,1
arxiv,105582,G,arxiv.105582.G,1,1
arxiv,105582,T,arxiv.105582.T,1,1
arxiv,105582,TG,arxiv.105582.TG,1,1
arxiv,107101,A,arxiv.107101.A,0,1
arxiv,107101,BAG,arxiv.107101.BAG,1,1
arxiv,107101,G,arxiv.107101.G,1,1
arxiv,107101,T,arxiv.107101.T,1,1
arxiv,107101,TG,arxiv.107101.TG,1,1
arxiv,108438,A,arxiv.108438.A,1,1
arxiv,108438,BAG,arxiv.108438.BAG,1,1
arxiv,108438,G,arxiv.108438.G,1,1
arxiv,108438,T,arxiv.108438.T,1,1
arxiv,108438,TG,arxiv.108438.TG,1,1
arxiv,109010,A,arxiv.109010.A,0,1
arxiv,109010,BAG,arxiv.109010.BAG,0,1
arxiv,109010,G,arxiv.109010.G,0,1
arxiv,109010,T,arxiv.109010.T,0,1
arxiv,109010,TG,arxiv.109010.TG,0,1
arxiv,109756,A,arxiv.109756.A,1,1
arxiv,109756,BAG,arxiv.109756.BAG,1,1
arxiv,109756,G,arxiv.109756.G,1,1
arxiv,109756,T,arxiv.109756.T,1,1
arxiv,109756,TG,arxiv.109756.TG,1,1
arxiv,111976,A,arxiv.111976.A,1,1
arxiv,111976,BAG,arxiv.111976.BAG,0,1
arxiv,111976,G,arxiv.111976.G,1,1
arxiv,111976,T,arxiv.111976.T,0,1
arxiv,111976,TG,arxiv.111976.TG,0,1
arxiv,112015,A,arxiv.112015.A,0,1
arxiv,112015,BAG,arxiv.112015.BAG,0,1
arxiv,112015,G,arxiv.112015.G,0,1
arxiv,112015,T,arxiv.112015.T,0,1
arxiv,112015,TG,arxiv.112015.TG,0,1
arxiv,115880,A,arxiv.115880.A,1,1
arxiv,115880,BAG,arxiv.115880.BAG,1,1
arxiv,115880,G,arxiv.115880.G,0,1
arxiv,115880,T,arxiv.115880.T,1,1
arxiv,115880,TG,arxiv.115880.TG,1,1
arxiv,11641,A,arxiv.11641.A,0,1
arxiv,11641,BAG,arxiv.11641.BAG,0,1
arxiv,11641,G,arxiv.11641.G,0,1
arxiv,11641,T,arxiv.11641.T,1,1
arxiv,11641,TG,arxiv.11641.TG,1,1
arxiv,117339,A,arxiv.117339.A,0,1
arxiv,117339,BAG,arxiv.117339.BAG,1,1
arxiv,117339,G,arxiv.117339.G,0,1
arxiv,117339,T,arxiv.117339.T,0,1
arxiv,117339,TG,arxiv.117339.TG,1,1
arxiv,118519,A,arxiv.118519.A,0,1
arxiv,118519,BAG,arxiv.118519.BAG,0,1
arxiv,118519,G,arxiv.118519.G,0,1
arxiv,118519,T,arxiv.118519.T,0,1
arxiv,118519,TG,arxiv.118519.TG,0,1
arxiv,121083,A,arxiv.121083.A,1,1
arxiv,121083,BAG,arxiv.121083.BAG,1,1
arxiv,121083,G,arxiv.121083.G,0,1
arxiv,121083,T,arxiv.121083.T,1,1
arxiv,121083,TG,arxiv.121083.TG,1,1
arxiv,123653,A,arxiv.123653.A,0,1
arxiv,123653,BAG,arxiv.123653.BAG,0,1
arxiv,123653,G,arxiv.123653.G,0,1
arxiv,123653,T,arxiv.123653.T,1,1
arxiv,123653,TG,arxiv.123653.TG,0,1
arxiv,124085,A,arxiv.124085.A,1,1
arxiv,124085,BAG,arxiv.124085.BAG,1,1
arxiv,124085,G,arxiv.124085.G,1,1
arxiv,124085,T,arxiv.124085.T,1,1
arxiv,124085,TG,arxiv.124085.TG,1,1
arxiv,124313,A,arxiv.124313.A,1,1
arxiv,124313,BAG,arxiv.124313.BAG,1,1
arxiv,124313,G,arxiv.124313.G,1,1
arxiv,124313,T,arxiv.124313.T,1,1
arxiv,124313,TG,arxiv.124313.TG,1,1
arxiv,125290,A,arxiv.125290.A,0,1
arxiv,125290,BAG,arxiv.125290.BAG,1,1
arxiv,125290,G,arxiv.125290.G,1,1
arxiv,125290,T,arxiv.125290.T,1,1
arxiv,125290,TG,arxiv.125290.TG,1,1
arxiv,126801,A,arxiv.126801.A,1,1
arxiv,126801,BAG,arxiv.126801.BAG,1,1
arxiv,126801,G,arxiv.126801.G,1,1
arxiv,126801,T,arxiv.126801.T,1,1
arxiv,126801,TG,arxiv.126801.TG,1,1
arxiv,127556,A,arxiv.127556.A,0,1
arxiv,127556,BAG,arxiv.127556.BAG,1,1
arxiv,127556,G,arxiv.127556.G,0,1
arxiv,127556,T,arxiv.127556.T,1,1
arxiv,127556,TG,arxiv.127556.TG,1,1
arxiv,128247,A,arxiv.128247.A,0,1
arxiv,128247,BAG,arxiv.128247.BAG,1,1
arxiv,128247,G,arxiv.128247.G,0,1
arxiv,128247,T,arxiv.128247.T,1,1
arxiv,128247,TG,arxiv.128247.TG,1,1
arxiv,12927,A,arxiv.12927.A,0,1
arxiv,12927,BAG,arxiv.12927.BAG,1,1
arxiv,12927,G,arxiv.12927.G,1,1
arxiv,12927,T,arxiv.12927.T,1,1
arxiv,12927,TG,arxiv.12927.TG,1,1
arxiv,129527,A,arxiv.129527.A,1,1
arxiv,129527,BAG,arxiv.129527.BAG,1,1
arxiv,129527,G,arxiv.129527.G,1,1
arxiv,129527,T,arxiv.129527.T,1,1
arxiv,129527,TG,arxiv.129527.TG,1,1
arxiv,129550,A,arxiv.129550.A,0,1
arxiv,129550,BAG,arxiv.129550.BAG,1,1
arxiv,129550,G,arxiv.129550.G,1,1
arxiv,129550,T,arxiv.129550.T,1,1
arxiv,129550,TG,arxiv.129550.TG,1,1
arxiv,130409,A,arxiv.130409.A,0,1
arxiv,130409,BAG,arxiv.130409.BAG,0,1
arxiv,130409,G,arxiv.130409.G,0,1
arxiv,130409,T,arxiv.130409.T,0,1
arxiv,130409,TG,arxiv.130409.TG,0,1
arxiv,13045,A,arxiv.13045.A,0,1
arxiv,13045,BAG,arxiv.13045.BAG,1,1
arxiv,13045,G,arxiv.13045.G,1,1
arxiv,13045,T,arxiv.13045.T,1,1
arxiv,13045,TG,arxiv.13045.TG,1,1
arxiv,130764,A,arxiv.130764.A,1,1
arxiv,130764,BAG,arxiv.130764.BAG,1,1
arxiv,130764,G,arxiv.130764.G,1,1
arxiv,130764,T,arxiv.130764.T,1,1
arxiv,130764,TG,arxiv.130764.TG,1,1
arxiv,133446,A,arxiv.133446.A,0,1
arxiv,133446,BAG,arxiv.133446.BAG,0,1
arxiv,133446,G,arxiv.133446.G,0,1
arxiv,133446,T,arxiv.133446.T,0,1
arxiv,133446,TG,arxiv.133446.TG,0,1
arxiv,133519,A,arxiv.133519.A,1,1
arxiv,133519,BAG,arxiv.133519.BAG,1,1
arxiv,133519,G,arxiv.133519.G,1,1
arxiv,133519,T,arxiv.133519.T,1,1
arxiv,133519,TG,arxiv.133519.TG,1,1
arxiv,135758,A,arxiv.135758.A,0,1
arxiv,135758,BAG,arxiv.135758.BAG,1,1
arxiv,135758,G,arxiv.135758.G,1,1
arxiv,135758,T,arxiv.135758.T,0,1
arxiv,135758,TG,arxiv.135758.TG,1,1
arxiv,137008,A,arxiv.137008.A,0,1
arxiv,137008,BAG,arxiv.137008.BAG,0,1
arxiv,137008,G,arxiv.137008.G,0,1
arxiv,137008,T,arxiv.137008.T,0,1
arxiv,137008,TG,arxiv.137008.TG,0,1
arxiv,137370,A,arxiv.137370.A,1,1
arxiv,137370,BAG,arxiv.137370.BAG,1,1
arxiv,137370,G,arxiv.137370.G,1,1
arxiv,137370,T,arxiv.137370.T,1,1
arxiv,137370,TG,arxiv.137370.TG,1,1
arxiv,137430,A,arxiv.137430.A,1,1
arxiv,137430,BAG,arxiv.137430.BAG,0,1
arxiv,137430,G,arxiv.137430.G,1,1
arxiv,137430,T,arxiv.137430.T,0,1
arxiv,137430,TG,arxiv.137430.TG,1,1
arxiv,141470,A,arxiv.141470.A,1,1
arxiv,141470,BAG,arxiv.141470.BAG,1,1
arxiv,141470,G,arxiv.141470.G,1,1
arxiv,141470,T,arxiv.141470.T,1,1
arxiv,141470,TG,arxiv.141470.TG,1,1
arxiv,144130,A,arxiv.144130.A,1,1
arxiv,144130,BAG,arxiv.144130.BAG,0,1
arxiv,144130,G,arxiv.144130.G,0,1
arxiv,144130,T,arxiv.144130.T,0,1
arxiv,144130,TG,arxiv.144130.TG,0,1
arxiv,146781,A,arxiv.146781.A,1,1
arxiv,146781,BAG,arxiv.146781.BAG,1,1
arxiv,146781,G,arxiv.146781.G,1,1
arxiv,146781,T,arxiv.146781.T,1,1
arxiv,146781,TG,arxiv.146781.TG,1,1
arxiv,146922,A,arxiv.146922.A,0,1
arxiv,146922,BAG,arxiv.146922.BAG,0,1
arxiv,146922,G,arxiv.146922.G,0,1
arxiv,146922,T,arxiv.146922.T,0,1
arxiv,146922,TG,arxiv.146922.TG,0,1
arxiv,150506,A,arxiv.150506.A,1,1
arxiv,150506,BAG,arxiv.150506.BAG,1,1
arxiv,150506,G,arxiv.150506.G,1,1
arxiv,150506,T,arxiv.150506.T,1,1
arxiv,150506,TG,arxiv.150506.TG,1,1
arxiv,151963,A,arxiv.151963.A,1,1
arxiv,151963,BAG,arxiv.151963.BAG,1,1
arxiv,151963,G,arxiv.151963.G,1,1
arxiv,151963,T,arxiv.151963.T,1,1
arxiv,151963,TG,arxiv.151963.TG,1,1
arxiv,155935,A,arxiv.155935.A,1,1
arxiv,155935,BAG,arxiv.155935.BAG,1,1
arxiv,155935,G,arxiv.155935.G,1,1
arxiv,155935,T,arxiv.155935.T,1,1
arxiv,155935,TG,arxiv.155935.TG,1,1
arxiv,158268,A,arxiv.158268.A,0,1
arxiv,158268,BAG,arxiv.158268.BAG,0,1
arxiv,158268,G,arxiv.158268.G,0,1
arxiv,158268,T,arxiv.158268.T,1,1
arxiv,158268,TG,arxiv.158268.TG,0,1
arxiv,158611,A,arxiv.158611.A,1,1
arxiv,158611,BAG,arxiv.158611.BAG,1,1
arxiv,158611,G,arxiv.158611.G,1,1
arxiv,158611,T,arxiv.158611.T,1,1
arxiv,158611,TG,arxiv.158611.TG,1,1
arxiv,158818,A,arxiv.158818.A,1,1
arxiv,158818,BAG,arxiv.158818.BAG,1,1
arxiv,158818,G,arxiv.158818.G,1,1
arxiv,158818,T,arxiv.158818.T,1,1
arxiv,158818,TG,arxiv.158818.TG,1,1
arxiv,159584,A,arxiv.159584.A,0,1
arxiv,159584,BAG,arxiv.159584.BAG,1,1
arxiv,159584,G,arxiv.159584.G,1,1
arxiv,159584,T,arxiv.159584.T,1,1
arxiv,159584,TG,arxiv.159584.TG,1,1
arxiv,163526,A,arxiv.163526.A,1,1
arxiv,163526,BAG,arxiv.163526.BAG,1,1
arxiv,163526,G,arxiv.163526.G,1,1
arxiv,163526,T,arxiv.163526.T,1,1
arxiv,163526,TG,arxiv.163526.TG,1,1
arxiv,163925,A,arxiv.163925.A,0,1
arxiv,163925,BAG,arxiv.163925.BAG,0,1
arxiv,163925,G,arxiv.163925.G,0,1
arxiv,163925,T,arxiv.163925.T,0,1
arxiv,163925,TG,arxiv.163925.TG,0,1
arxiv,16567,A,arxiv.16567.A,1,1
arxiv,16567,BAG,arxiv.16567.BAG,1,1
arxiv,16567,G,arxiv.16567.G,1,1
arxiv,16567,T,arxiv.16567.T,1,1
arxiv,16567,TG,arxiv.16567.TG,1,1
arxiv,166596,A,arxiv.166596.A,1,1
arxiv,166596,BAG,arxiv.166596.BAG,1,1
arxiv,166596,G,arxiv.166596.G,1,1
arxiv,166596,T,arxiv.166596.T,1,1
arxiv,166596,TG,arxiv.166596.TG,1,1
arxiv,166652,A,arxiv.166652.A,1,1
arxiv,166652,BAG,arxiv.166652.BAG,1,1
arxiv,166652,G,arxiv.166652.G,0,1
arxiv,166652,T,arxiv.166652.T,1,1
arxiv,166652,TG,arxiv.166652.TG,1,1
arxiv,167837,A,arxiv.167837.A,1,1
arxiv,167837,BAG,arxiv.167837.BAG,1,1
arxiv,167837,G,arxiv.167837.G,0,1
arxiv,167837,T,arxiv.167837.T,1,1
arxiv,167837,TG,arxiv.167837.TG,1,1
arxiv,167873,A,arxiv.167873.A,1,1
arxiv,167873,BAG,arxiv.167873.BAG,1,1
arxiv,167873,G,arxiv.167873.G,1,1
arxiv,167873,T,arxiv.167873.T,1,1
arxiv,167873,TG,arxiv.167873.TG,1,1
arxiv,18371,A,arxiv.18371.A,1,1
arxiv,18371,BAG,arxiv.18371.BAG,1,1
arxiv,18371,G,arxiv.18371.G,1,1
arxiv,18371,T,arxiv.18371.T,1,1
arxiv,18371,TG,arxiv.18371.TG,1,1
arxiv,21814,A,arxiv.21814.A,1,1
arxiv,21814,BAG,arxiv.21814.BAG,1,1
arxiv,21814,G,arxiv.21814.G,1,1
arxiv,21814,T,arxiv.21814.T,1,1
arxiv,21814,TG,arxiv.21814.TG,1,1
arxiv,23615,A,arxiv.23615.A,1,1
arxiv,23615,BAG,arxiv.23615.BAG,1,1
arxiv,23615,G,arxiv.23615.G,1,1
arxiv,23615,T,arxiv.23615.T,1,1
arxiv,23615,TG,arxiv.23615.TG,1,1
arxiv,25059,A,arxiv.25059.A,0,1
arxiv,25059,BAG,arxiv.25059.BAG,0,1
arxiv,25059,G,arxiv.25059.G,0,1
arxiv,25059,T,arxiv.25059.T,0,1
arxiv,25059,TG,arxiv.25059.TG,0,1
arxiv,30363,A,arxiv.30363.A,1,1
arxiv,30363,BAG,arxiv.30363.BAG,1,1
arxiv,30363,G,arxiv.30363.G,1,1
arxiv,30363,T,arxiv.30363.T,1,1
arxiv,30363,TG,arxiv.30363.TG,1,1
arxiv,31110,A,arxiv.31110.A,0,1
arxiv,31110,BAG,arxiv.31110.BAG,1,1
arxiv,31110,G,arxiv.31110.G,0,1
arxiv,31110,T,arxiv.31110.T,1,1
arxiv,31110,TG,arxiv.31110.TG,1,1
arxiv,32719,A,arxiv.32719.A,0,1
arxiv,32719,BAG,arxiv.32719.BAG,1,1
arxiv,32719,G,arxiv.32719.G,0,1
arxiv,32719,T,arxiv.32719.T,1,1
arxiv,32719,TG,arxiv.32719.TG,1,1
arxiv,33884,A,arxiv.33884.A,1,1
arxiv,33884,BAG,arxiv.33884.BAG,1,1
arxiv,33884,G,arxiv.33884.G,1,1
arxiv,33884,T,arxiv.33884.T,1,1
arxiv,33884,TG,arxiv.33884.TG,1,1
arxiv,34377,A,arxiv.34377.A,1,1
arxiv,34377,BAG,arxiv.34377.BAG,1,1
arxiv,34377,G,arxiv.34377.G,1,1
arxiv,34377,T,arxiv.34377.T,1,1
arxiv,34377,TG,arxiv.34377.TG,1,1
arxiv,35736,A,arxiv.35736.A,1,1
arxiv,35736,BAG,arxiv.35736.BAG,1,1
arxiv,35736,G,arxiv.35736.G,1,1
arxiv,35736,T,arxiv.35736.T,1,1
arxiv,35736,TG,arxiv.35736.TG,1,1
arxiv,40901,A,arxiv.40901.A,0,1
arxiv,40901,BAG,arxiv.40901.BAG,0,1
arxiv,40901,G,arxiv.40901.G,0,1
arxiv,40901,T,arxiv.40901.T,0,1
arxiv,40901,TG,arxiv.40901.TG,0,1
arxiv,41762,A,arxiv.41762.A,1,1
arxiv,41762,BAG,arxiv.41762.BAG,1,1
arxiv,41762,G,arxiv.41762.G,1,1
arxiv,41762,T,arxiv.41762.T,1,1
arxiv,41762,TG,arxiv.41762.TG,1,1
arxiv,42251,A,arxiv.42251.A,0,1
arxiv,42251,BAG,arxiv.42251.BAG,0,1
arxiv,42251,G,arxiv.42251.G,0,1
arxiv,42251,T,arxiv.42251.T,0,1
arxiv,42251,TG,arxiv.42251.TG,0,1
arxiv,42342,A,arxiv.42342.A,0,1
arxiv,42342,BAG,arxiv.42342.BAG,0,1
arxiv,42342,G,arxiv.42342.G,0,1
arxiv,42342,T,arxiv.42342.T,0,1
arxiv,42342,TG,arxiv.42342.TG,0,1
arxiv,43662,A,arxiv.43662.A,0,1
arxiv,43662,BAG,arxiv.43662.BAG,1,1
arxiv,43662,G,arxiv.43662.G,0,1
arxiv,43662,T,arxiv.43662.T,1,1
arxiv,43662,TG,arxiv.43662.TG,1,1
arxiv,45801,A,arxiv.45801.A,0,1
arxiv,45801,BAG,arxiv.45801.BAG,1,1
arxiv,45801,G,arxiv.45801.G,1,1
arxiv,45801,T,arxiv.45801.T,1,1
arxiv,45801,TG,arxiv.45801.TG,1,1
arxiv,46429,A,arxiv.46429.A,0,1
arxiv,46429,BAG,arxiv.46429.BAG,1,1
arxiv,46429,G,arxiv.46429.G,1,1
arxiv,46429,T,arxiv.46429.T,0,1
arxiv,46429,TG,arxiv.46429.TG,1,1
arxiv,48558,A,arxiv.48558.A,0,1
arxiv,48558,BAG,arxiv.48558.BAG,0,1
arxiv,48558,G,arxiv.48558.G,0,1
arxiv,48558,T,arxiv.48558.T,0,1
arxiv,48558,TG,arxiv.48558.TG,0,1
arxiv,49760,A,arxiv.49760.A,0,1
arxiv,49760,BAG,arxiv.49760.BAG,0,1
arxiv,49760,G,arxiv.49760.G,0,1
arxiv,49760,T,arxiv.49760.T,0,1
arxiv,49760,TG,arxiv.49760.TG,0,1
arxiv,51265,A,arxiv.51265.A,1,1
arxiv,51265,BAG,arxiv.51265.BAG,1,1
arxiv,51265,G,arxiv.51265.G,1,1
arxiv,51265,T,arxiv.51265.T,1,1
arxiv,51265,TG,arxiv.51265.TG,1,1
arxiv,51586,A,arxiv.51586.A,1,1
arxiv,51586,BAG,arxiv.51586.BAG,1,1
arxiv,51586,G,arxiv.51586.G,1,1
arxiv,51586,T,arxiv.51586.T,1,1
arxiv,51586,TG,arxiv.51586.TG,1,1
arxiv,56948,A,arxiv.56948.A,1,1
arxiv,56948,BAG,arxiv.56948.BAG,1,1
arxiv,56948,G,arxiv.56948.G,1,1
arxiv,56948,T,arxiv.56948.T,1,1
arxiv,56948,TG,arxiv.56948.TG,1,1
arxiv,57029,A,arxiv.57029.A,0,1
arxiv,57029,BAG,arxiv.57029.BAG,0,1
arxiv,57029,G,arxiv.57029.G,0,1
arxiv,57029,T,arxiv.57029.T,1,1
arxiv,57029,TG,arxiv.57029.TG,0,1
arxiv,58175,A,arxiv.58175.A,0,1
arxiv,58175,BAG,arxiv.58175.BAG,0,1
arxiv,58175,G,arxiv.58175.G,0,1
arxiv,58175,T,arxiv.58175.T,0,1
arxiv,58175,TG,arxiv.58175.TG,0,1
arxiv,58349,A,arxiv.58349.A,1,1
arxiv,58349,BAG,arxiv.58349.BAG,1,1
arxiv,58349,G,arxiv.58349.G,1,1
arxiv,58349,T,arxiv.58349.T,1,1
arxiv,58349,TG,arxiv.58349.TG,1,1
arxiv,60809,A,arxiv.60809.A,1,1
arxiv,60809,BAG,arxiv.60809.BAG,1,1
arxiv,60809,G,arxiv.60809.G,1,1
arxiv,60809,T,arxiv.60809.T,1,1
arxiv,60809,TG,arxiv.60809.TG,1,1
arxiv,61789,A,arxiv.61789.A,0,1
arxiv,61789,BAG,arxiv.61789.BAG,0,1
arxiv,61789,G,arxiv.61789.G,1,1
arxiv,61789,T,arxiv.61789.T,0,1
arxiv,61789,TG,arxiv.61789.TG,0,1
arxiv,6220,A,arxiv.6220.A,0,1
arxiv,6220,BAG,arxiv.6220.BAG,1,1
arxiv,6220,G,arxiv.6220.G,1,1
arxiv,6220,T,arxiv.6220.T,1,1
arxiv,6220,TG,arxiv.6220.TG,1,1
arxiv,64950,A,arxiv.64950.A,0,1
arxiv,64950,BAG,arxiv.64950.BAG,1,1
arxiv,64950,G,arxiv.64950.G,1,1
arxiv,64950,T,arxiv.64950.T,1,1
arxiv,64950,TG,arxiv.64950.TG,1,1
arxiv,65740,A,arxiv.65740.A,0,1
arxiv,65740,BAG,arxiv.65740.BAG,1,1
arxiv,65740,G,arxiv.65740.G,0,1
arxiv,65740,T,arxiv.65740.T,1,1
arxiv,65740,TG,arxiv.65740.TG,1,1
arxiv,67328,A,arxiv.67328.A,1,1
arxiv,67328,BAG,arxiv.67328.BAG,1,1
arxiv,67328,G,arxiv.67328.G,0,1
arxiv,67328,T,arxiv.67328.T,1,1
arxiv,67328,TG,arxiv.67328.TG,1,1
arxiv,71102,A,arxiv.71102.A,0,1
arxiv,71102,BAG,arxiv.71102.BAG,1,1
arxiv,71102,G,arxiv.71102.G,0,1
arxiv,71102,T,arxiv.71102.T,1,1
arxiv,71102,TG,arxiv.71102.TG,1,1
arxiv,71629,A,arxiv.71629.A,1,1
arxiv,71629,BAG,arxiv.71629.BAG,1,1
arxiv,71629,G,arxiv.71629.G,1,1
arxiv,71629,T,arxiv.71629.T,1,1
arxiv,71629,TG,arxiv.71629.TG,1,1
arxiv,74041,A,arxiv.74041.A,0,1
arxiv,74041,BAG,arxiv.74041.BAG,1,1
arxiv,74041,G,arxiv.74041.G,1,1
arxiv,74041,T,arxiv.74041.T,1,1
arxiv,74041,TG,arxiv.74041.TG,1,1
arxiv,77505,A,arxiv.77505.A,0,1
arxiv,77505,BAG,arxiv.77505.BAG,0,1
arxiv,77505,G,arxiv.77505.G,0,1
arxiv,77505,T,arxiv.77505.T,0,1
arxiv,77505,TG,arxiv.77505.TG,0,1
arxiv,78128,A,arxiv.78128.A,0,1
arxiv,78128,BAG,arxiv.78128.BAG,1,1
arxiv,78128,G,arxiv.78128.G,1,1
arxiv,78128,T,arxiv.78128.T,1,1
arxiv,78128,TG,arxiv.78128.TG,1,1
arxiv,83166,A,arxiv.83166.A,0,1
arxiv,83166,BAG,arxiv.83166.BAG,1,1
arxiv,83166,G,arxiv.83166.G,0,1
arxiv,83166,T,arxiv.83166.T,1,1
arxiv,83166,TG,arxiv.83166.TG,1,1
arxiv,83184,A,arxiv.83184.A,0,1
arxiv,83184,BAG,arxiv.83184.BAG,1,1
arxiv,83184,G,arxiv.83184.G,1,1
arxiv,83184,T,arxiv.83184.T,1,1
arxiv,83184,TG,arxiv.83184.TG,1,1
arxiv,84049,A,arxiv.84049.A,1,1
arxiv,84049,BAG,arxiv.84049.BAG,1,1
arxiv,84049,G,arxiv.84049.G,1,1
arxiv,84049,T,arxiv.84049.T,1,1
arxiv,84049,TG,arxiv.84049.TG,1,1
arxiv,8427,A,arxiv.8427.A,0,1
arxiv,8427,BAG,arxiv.8427.BAG,0,1
arxiv,8427,G,arxiv.8427.G,0,1
arxiv,8427,T,arxiv.8427.T,0,1
arxiv,8427,TG,arxiv.8427.TG,0,1
arxiv,84662,A,arxiv.84662.A,0,1
arxiv,84662,BAG,arxiv.84662.BAG,1,1
arxiv,84662,G,arxiv.84662.G,1,1
arxiv,84662,T,arxiv.84662.T,1,1
arxiv,84662,TG,arxiv.84662.TG,1,1
arxiv,85985,A,arxiv.85985.A,1,1
arxiv,85985,BAG,arxiv.85985.BAG,1,1
arxiv,85985,G,arxiv.85985.G,1,1
arxiv,85985,T,arxiv.85985.T,1,1
arxiv,85985,TG,arxiv.85985.TG,1,1
arxiv,87151,A,arxiv.87151.A,1,1
arxiv,87151,BAG,arxiv.87151.BAG,0,1
arxiv,87151,G,arxiv.87151.G,1,1
arxiv,87151,T,arxiv.87151.T,0,1
arxiv,87151,TG,arxiv.87151.TG,0,1
arxiv,89449,A,arxiv.89449.A,0,1
arxiv,89449,BAG,arxiv.89449.BAG,0,1
arxiv,89449,G,arxiv.89449.G,0,1
arxiv,89449,T,arxiv.89449.T,1,1
arxiv,89449,TG,arxiv.89449.TG,0,1
arxiv,89980,A,arxiv.89980.A,1,1
arxiv,89980,BAG,arxiv.89980.BAG,1,1
arxiv,89980,G,arxiv.89980.G,1,1
arxiv,89980,T,arxiv.89980.T,1,1
arxiv,89980,TG,arxiv.89980.TG,1,1
arxiv,92445,A,arxiv.92445.A,0,1
arxiv,92445,BAG,arxiv.92445.BAG,1,1
arxiv,92445,G,arxiv.92445.G,0,1
arxiv,92445,T,arxiv.92445.T,1,1
arxiv,92445,TG,arxiv.92445.TG,1,1
arxiv,92493,A,arxiv.92493.A,1,1
arxiv,92493,BAG,arxiv.92493.BAG,1,1
arxiv,92493,G,arxiv.92493.G,1,1
arxiv,92493,T,arxiv.92493.T,1,1
arxiv,92493,TG,arxiv.92493.TG,1,1
prime,10023,A,prime.10023.A,0,1
prime,10023,BAG,prime.10023.BAG,0,1
prime,10023,G,prime.10023.G,0,1
prime,10023,T,prime.10023.T,0,1
prime,10023,TG,prime.10023.TG,0,1
prime,10173,A,prime.10173.A,1,1
prime,10173,BAG,prime.10173.BAG,1,1
prime,10173,G,prime.10173.G,1,1
prime,10173,T,prime.10173.T,1,1
prime,10173,TG,prime.10173.TG,1,1
prime,10252,A,prime.10252.A,1,1
prime,10252,BAG,prime.10252.BAG,1,1
prime,10252,G,prime.10252.G,1,1
prime,10252,T,prime.10252.T,1,1
prime,10252,TG,prime.10252.TG,0,1
prime,10458,A,prime.10458.A,0,1
prime,10458,BAG,prime.10458.BAG,0,1
prime,10458,G,prime.10458.G,0,1
prime,10458,T,prime.10458.T,0,1
prime,10458,TG,prime.10458.TG,0,1
prime,10497,A,prime.10497.A,0,1
prime,10497,BAG,prime.10497.BAG,0,1
prime,10497,G,prime.10497.G,0,1
prime,10497,T,prime.10497.T,0,1
prime,10497,TG,prime.10497.TG,0,1
prime,10593,A,prime.10593.A,1,1
prime,10593,BAG,prime.10593.BAG,1,1
prime,10593,G,prime.10593.G,0,1
prime,10593,T,prime.10593.T,1,1
prime,10593,TG,prime.10593.TG,0,1
prime,10726,A,prime.10726.A,0,1
prime,10726,BAG,prime.10726.BAG,0,1
prime,10726,G,prime.10726.G,0,1
prime,10726,T,prime.10726.T,0,1
prime,10726,TG,prime.10726.TG,0,1
prime,10775,A,prime.10775.A,1,1
prime,10775,BAG,prime.10775.BAG,1,1
prime,10775,G,prime.10775.G,0,1
prime,10775,T,prime.10775.T,1,1
prime,10775,TG,prime.10775.TG,0,1
prime,11120,A,prime.11120.A,1,1
prime,11120,BAG,prime.11120.BAG,1,1
prime,11120,G,prime.11120.G,1,1
prime,11120,T,prime.11120.T,1,1
prime,11120,TG,prime.11120.TG,1,1
prime,1184,A,prime.1184.A,1,1
prime,1184,BAG,prime.1184.BAG,1,1
prime,1184,G,prime.1184.G,1,1
prime,1184,T,prime.1184.T,1,1
prime,1184,TG,prime.1184.TG,1,1
prime,1253,A,prime.1253.A,1,1
prime,1253,BAG,prime.1253.BAG,1,1
prime,1253,G,prime.1253.G,1,1
prime,1253,T,prime.1253.T,1,1
prime,1253,TG,prime.1253.TG,1,1
prime,1332,A,prime.1332.A,0,1
prime,1332,BAG,prime.1332.BAG,0,1
prime,1332,G,prime.1332.G,0,1
prime,1332,T,prime.1332.T,0,1
prime,1332,TG,prime.1332.TG,0,1
prime,1595,A,prime.1595.A,0,1
prime,1595,BAG,prime.1595.BAG,0,1
prime,1595,G,prime.1595.G,0,1
prime,1595,T,prime.1595.T,0,1
prime,1595,TG,prime.1595.TG,0,1
prime,1650,A,prime.1650.A,0,1
prime,1650,BAG,prime.1650.BAG,0,1
prime,1650,G,prime.1650.G,0,1
prime,1650,T,prime.1650.T,0,1
prime,1650,TG,prime.1650.TG,0,1
prime,1717,A,prime.1717.A,1,1
prime,1717,BAG,prime.1717.BAG,1,1
prime,1717,G,prime.1717.G,1,1
prime,1717,T,prime.1717.T,1,1
prime,1717,TG,prime.1717.TG,1,1
prime,1752,A,prime.1752.A,0,1
prime,1752,BAG,prime.1752.BAG,0,1
prime,1752,G,prime.1752.G,0,1
prime,1752,T,prime.1752.T,0,1
prime,1752,TG,prime.1752.TG,0,1
prime,1766,A,prime.1766.A,1,1
prime,1766,BAG,prime.1766.BAG,1,1
prime,1766,G,prime.1766.G,1,1
prime,1766,T,prime.1766.T,1,1
prime,1766,TG,prime.1766.TG,1,1
prime,1800,A,prime.1800.A,1,1
prime,1800,BAG,prime.1800.BAG,1,1
prime,1800,G,prime.1800.G,0,1
prime,1800,T,prime.1800.T,1,1
prime,1800,TG,prime.1800.TG,1,1
prime,1820,A,prime.1820.A,1,1
prime,1820,BAG,prime.1820.BAG,1,1
prime,1820,G,prime.1820.G,1,1
prime,1820,T,prime.1820.T,1,1
prime,1820,TG,prime.1820.TG,1,1
prime,2065,A,prime.2065.A,0,1
prime,2065,BAG,prime.2065.BAG,0,1
prime,2065,G,prime.2065.G,0,1
prime,2065,T,prime.2065.T,0,1
prime,2065,TG,prime.2065.TG,0,1
prime,2098,A,prime.2098.A,0,1
prime,2098,BAG,prime.2098.BAG,1,1
prime,2098,G,prime.2098.G,1,1
prime,2098,T,prime.2098.T,1,1
prime,2098,TG,prime.2098.TG,1,1
prime,2155,A,prime.2155.A,1,1
prime,2155,BAG,prime.2155.BAG,1,1
prime,2155,G,prime.2155.G,1,1
prime,2155,T,prime.2155.T,1,1
prime,2155,TG,prime.2155.TG,1,1
prime,2166,A,prime.2166.A,1,1
prime,2166,BAG,prime.2166.BAG,0,1
prime,2166,G,prime.2166.G,0,1
prime,2166,T,prime.2166.T,1,1
prime,2166,TG,prime.2166.TG,0,1
prime,2351,A,prime.2351.A,1,1
prime,2351,BAG,prime.2351.BAG,1,1
prime,2351,G,prime.2351.G,1,1
prime,2351,T,prime.2351.T,1,1
prime,2351,TG,prime.2351.TG,1,1
prime,2352,A,prime.2352.A,0,1
prime,2352,BAG,prime.2352.BAG,0,1
prime,2352,G,prime.2352.G,0,1
prime,2352,T,prime.2352.T,0,1
prime,2352,TG,prime.2352.TG,0,1
prime,2372,A,prime.2372.A,1,1
prime,2372,BAG,prime.2372.BAG,1,1
prime,2372,G,prime.2372.G,1,1
prime,2372,T,prime.2372.T,1,1
prime,2372,TG,prime.2372.TG,1,1
prime,2379,A,prime.2379.A,0,1
prime,2379,BAG,prime.2379.BAG,0,1
prime,2379,G,prime.2379.G,0,1
prime,2379,T,prime.2379.T,0,1
prime,2379,TG,prime.2379.TG,1,1
prime,2389,A,prime.2389.A,1,1
prime,2389,BAG,prime.2389.BAG,1,1
prime,2389,G,prime.2389.G,1,1
prime,2389,T,prime.2389.T,1,1
prime,2389,TG,prime.2389.TG,1,1
prime,2466,A,prime.2466.A,0,1
prime,2466,BAG,prime.2466.BAG,0,1
prime,2466,G,prime.2466.G,0,1
prime,2466,T,prime.2466.T,0,1
prime,2466,TG,prime.2466.TG,0,1
prime,2483,A,prime.2483.A,0,1
prime,2483,BAG,prime.2483.BAG,0,1
prime,2483,G,prime.2483.G,0,1
prime,2483,T,prime.2483.T,0,1
prime,2483,TG,prime.2483.TG,0,1
prime,2497,A,prime.2497.A,0,1
prime,2497,BAG,prime.2497.BAG,0,1
prime,2497,G,prime.2497.G,0,1
prime,2497,T,prime.2497.T,0,1
prime,2497,TG,prime.2497.TG,0,1
prime,2629,A,prime.2629.A,1,1
prime,2629,BAG,prime.2629.BAG,1,1
prime,2629,G,prime.2629.G,1,1
prime,2629,T,prime.2629.T,1,1
prime,2629,TG,prime.2629.TG,1,1
prime,2639,A,prime.2639.A,1,1
prime,2639,BAG,prime.2639.BAG,1,1
prime,2639,G,prime.2639.G,1,1
prime,2639,T,prime.2639.T,1,1
prime,2639,TG,prime.2639.TG,1,1
prime,2673,A,prime.2673.A,1,1
prime,2673,BAG,prime.2673.BAG,0,1
prime,2673,G,prime.2673.G,0,1
prime,2673,T,prime.2673.T,1,1
prime,2673,TG,prime.2673.TG,0,1
prime,2750,A,prime.2750.A,1,1
prime,2750,BAG,prime.2750.BAG,1,1
prime,2750,G,prime.2750.G,1,1
prime,2750,T,prime.2750.T,1,1
prime,2750,TG,prime.2750.TG,1,1
prime,2855,A,prime.2855.A,0,1
prime,2855,BAG,prime.2855.BAG,0,1
prime,2855,G,prime.2855.G,0,1
prime,2855,T,prime.2855.T,0,1
prime,2855,TG,prime.2855.TG,0,1
prime,2871,A,prime.2871.A,1,1
prime,2871,BAG,prime.2871.BAG,1,1
prime,2871,G,prime.2871.G,1,1
prime,2871,T,prime.2871.T,1,1
prime,2871,TG,prime.2871.TG,1,1
prime,2916,A,prime.2916.A,0,1
prime,2916,BAG,prime.2916.BAG,1,1
prime,2916,G,prime.2916.G,0,1
prime,2916,T,prime.2916.T,0,1
prime,2916,TG,prime.2916.TG,0,1
prime,3064,A,prime.3064.A,1,1
prime,3064,BAG,prime.3064.BAG,1,1
prime,3064,G,prime.3064.G,1,1
prime,3064,T,prime.3064.T,1,1
prime,3064,TG,prime.3064.TG,1,1
prime,3141,A,prime.3141.A,0,1
prime,3141,BAG,prime.3141.BAG,0,1
prime,3141,G,prime.3141.G,0,1
prime,3141,T,prime.3141.T,0,1
prime,3141,TG,prime.3141.TG,0,1
prime,3468,A,prime.3468.A,0,1
prime,3468,BAG,prime.3468.BAG,0,1
prime,3468,G,prime.3468.G,0,1
prime,3468,T,prime.3468.T,0,1
prime,3468,TG,prime.3468.TG,0,1
prime,3562,A,prime.3562.A,1,1
prime,3562,BAG,prime.3562.BAG,1,1
prime,3562,G,prime.3562.G,1,1
prime,3562,T,prime.3562.T,1,1
prime,3562,TG,prime.3562.TG,1,1
prime,3568,A,prime.3568.A,0,1
prime,3568,BAG,prime.3568.BAG,0,1
prime,3568,G,prime.3568.G,1,1
prime,3568,T,prime.3568.T,0,1
prime,3568,TG,prime.3568.TG,0,1
prime,366,A,prime.366.A,0,1
prime,366,BAG,prime.366.BAG,1,1
prime,366,G,prime.366.G,1,1
prime,366,T,prime.366.T,1,1
prime,366,TG,prime.366.TG,1,1
prime,3752,A,prime.3752.A,0,1
prime,3752,BAG,prime.3752.BAG,0,1
prime,3752,G,prime.3752.G,0,1
prime,3752,T,prime.3752.T,1,1
prime,3752,TG,prime.3752.TG,1,1
prime,3876,A,prime.3876.A,1,1
prime,3876,BAG,prime.3876.BAG,1,1
prime,3876,G,prime.3876.G,1,1
prime,3876,T,prime.3876.T,1,1
prime,3876,TG,prime.3876.TG,1,1
prime,3997,A,prime.3997.A,0,1
prime,3997,BAG,prime.3997.BAG,0,1
prime,3997,G,prime.3997.G,0,1
prime,3997,T,prime.3997.T,0,1
prime,3997,TG,prime.3997.TG,0,1
prime,4461,A,prime.4461.A,0,1
prime,4461,BAG,prime.4461.BAG,0,1
prime,4461,G,prime.4461.G,0,1
prime,4461,T,prime.4461.T,0,1
prime,4461,TG,prime.4461.TG,0,1
prime,4471,A,prime.4471.A,1,1
prime,4471,BAG,prime.4471.BAG,1,1
prime,4471,G,prime.4471.G,1,1
prime,4471,T,prime.4471.T,1,1
prime,4471,TG,prime.4471.TG,1,1
prime,4485,A,prime.4485.A,0,1
prime,4485,BAG,prime.4485.BAG,0,1
prime,4485,G,prime.4485.G,1,1
prime,4485,T,prime.4485.T,0,1
prime,4485,TG,prime.4485.TG,1,1
prime,4649,A,prime.4649.A,1,1
prime,4649,BAG,prime.4649.BAG,1,1
prime,4649,G,prime.4649.G,0,1
prime,4649,T,prime.4649.T,1,1
prime,4649,TG,prime.4649.TG,0,1
prime,4746,A,prime.4746.A,1,1
prime,4746,BAG,prime.4746.BAG,1,1
prime,4746,G,prime.4746.G,1,1
prime,4746,T,prime.4746.T,1,1
prime,4746,TG,prime.4746.TG,1,1
prime,4890,A,prime.4890.A,1,1
prime,4890,BAG,prime.4890.BAG,1,1
prime,4890,G,prime.4890.G,1,1
prime,4890,T,prime.4890.T,1,1
prime,4890,TG,prime.4890.TG,1,1
prime,4964,A,prime.4964.A,1,1
prime,4964,BAG,prime.4964.BAG,1,1
prime,4964,G,prime.4964.G,1,1
prime,4964,T,prime.4964.T,1,1
prime,4964,TG,prime.4964.TG,1,1
prime,5128,A,prime.5128.A,0,1
prime,5128,BAG,prime.5128.BAG,0,1
prime,5128,G,prime.5128.G,0,1
prime,5128,T,prime.5128.T,0,1
prime,5128,TG,prime.5128.TG,0,1
prime,5156,A,prime.5156.A,0,1
prime,5156,BAG,prime.5156.BAG,0,1
prime,5156,G,prime.5156.G,0,1
prime,5156,T,prime.5156.T,0,1
prime,5156,TG,prime.5156.TG,0,1
prime,5174,A,prime.5174.A,1,1
prime,5174,BAG,prime.5174.BAG,1,1
prime,5174,G,prime.5174.G,1,1
prime,5174,T,prime.5174.T,1,1
prime,5174,TG,prime.5174.TG,1,1
prime,5229,A,prime.5229.A,1,1
prime,5229,BAG,prime.5229.BAG,1,1
prime,5229,G,prime.5229.G,1,1
prime,5229,T,prime.5229.T,1,1
prime,5229,TG,prime.5229.TG,1,1
prime,5517,A,prime.5517.A,1,1
prime,5517,BAG,prime.5517.BAG,1,1
prime,5517,G,prime.5517.G,1,1
prime,5517,T,prime.5517.T,1,1
prime,5517,TG,prime.5517.TG,1,1
prime,568,A,prime.568.A,1,1
prime,568,BAG,prime.568.BAG,1,1
prime,568,G,prime.568.G,1,1
prime,568,T,prime.568.T,1,1
prime,568,TG,prime.568.TG,1,1
prime,5821,A,prime.5821.A,1,1
prime,5821,BAG,prime.5821.BAG,1,1
prime,5821,G,prime.5821.G,1,1
prime,5821,T,prime.5821.T,1,1
prime,5821,TG,prime.5821.TG,1,1
prime,6035,A,prime.6035.A,1,1
prime,6035,BAG,prime.6035.BAG,0,1
prime,6035,G,prime.6035.G,0,1
prime,6035,T,prime.6035.T,0,1
prime,6035,TG,prime.6035.TG,1,1
prime,608,A,prime.608.A,0,1
prime,608,BAG,prime.608.BAG,0,1
prime,608,G,prime.608.G,0,1
prime,608,T,prime.608.T,0,1
prime,608,TG,prime.608.TG,0,1
prime,6231,A,prime.6231.A,0,1
prime,6231,BAG,prime.6231.BAG,1,1
prime,6231,G,prime.6231.G,0,1
prime,6231,T,prime.6231.T,1,1
prime,6231,TG,prime.6231.TG,0,1
prime,6256,A,prime.6256.A,0,1
prime,6256,BAG,prime.6256.BAG,0,1
prime,6256,G,prime.6256.G,0,1
prime,6256,T,prime.6256.T,0,1
prime,6256,TG,prime.6256.TG,0,1
prime,6481,A,prime.6481.A,1,1
prime,6481,BAG,prime.6481.BAG,1,1
prime,6481,G,prime.6481.G,1,1
prime,6481,T,prime.6481.T,1,1
prime,6481,TG,prime.6481.TG,1,1
prime,6497,A,prime.6497.A,0,1
prime,6497,BAG,prime.6497.BAG,0,1
prime,6497,G,prime.6497.G,0,1
prime,6497,T,prime.6497.T,1,1
prime,6497,TG,prime.6497.TG,0,1
prime,6578,A,prime.6578.A,0,1
prime,6578,BAG,prime.6578.BAG,0,1
prime,6578,G,prime.6578.G,0,1
prime,6578,T,prime.6578.T,0,1
prime,6578,TG,prime.6578.TG,0,1
prime,6665,A,prime.6665.A,0,1
prime,6665,BAG,prime.6665.BAG,1,1
prime,6665,G,prime.6665.G,1,1
prime,6665,T,prime.6665.T,1,1
prime,6665,TG,prime.6665.TG,0,1
prime,6737,A,prime.6737.A,0,1
prime,6737,BAG,prime.6737.BAG,0,1
prime,6737,G,prime.6737.G,0,1
prime,6737,T,prime.6737.T,0,1
prime,6737,TG,prime.6737.TG,0,0
prime,6818,A,prime.6818.A,1,1
prime,6818,BAG,prime.6818.BAG,0,1
prime,6818,G,prime.6818.G,1,1
prime,6818,T,prime.6818.T,1,1
prime,6818,TG,prime.6818.TG,0,1
prime,6889,A,prime.6889.A,1,1
prime,6889,BAG,prime.6889.BAG,1,1
prime,6889,G,prime.6889.G,0,1
prime,6889,T,prime.6889.T,1,1
prime,6889,TG,prime.6889.TG,0,1
prime,700,A,prime.700.A,0,1
prime,700,BAG,prime.700.BAG,1,1
prime,700,G,prime.700.G,0,1
prime,700,T,prime.700.T,0,1
prime,700,TG,prime.700.TG,0,1
prime,7032,A,prime.7032.A,1,1
prime,7032,BAG,prime.7032.BAG,0,1
prime,7032,G,prime.7032.G,0,1
prime,7032,T,prime.7032.T,1,1
prime,7032,TG,prime.7032.TG,0,0
prime,7053,A,prime.7053.A,0,1
prime,7053,BAG,prime.7053.BAG,0,1
prime,7053,G,prime.7053.G,0,1
prime,7053,T,prime.7053.T,0,1
prime,7053,TG,prime.7053.TG,0,1
prime,7188,A,prime.7188.A,1,1
prime,7188,BAG,prime.7188.BAG,1,1
prime,7188,G,prime.7188.G,1,1
prime,7188,T,prime.7188.T,1,1
prime,7188,TG,prime.7188.TG,1,1
prime,719,A,prime.719.A,1,1
prime,719,BAG,prime.719.BAG,1,1
prime,719,G,prime.719.G,1,1
prime,719,T,prime.719.T,1,1
prime,719,TG,prime.719.TG,1,1
prime,7408,A,prime.7408.A,1,1
prime,7408,BAG,prime.7408.BAG,1,1
prime,7408,G,prime.7408.G,1,1
prime,7408,T,prime.7408.T,1,1
prime,7408,TG,prime.7408.TG,1,1
prime,7816,A,prime.7816.A,0,1
prime,7816,BAG,prime.7816.BAG,0,1
prime,7816,G,prime.7816.G,0,1
prime,7816,T,prime.7816.T,0,1
prime,7816,TG,prime.7816.TG,0,1
prime,8112,A,prime.8112.A,1,1
prime,8112,BAG,prime.8112.BAG,1,1
prime,8112,G,prime.8112.G,1,1
prime,8112,T,prime.8112.T,1,1
prime,8112,TG,prime.8112.TG,1,1
prime,8132,A,prime.8132.A,0,1
prime,8132,BAG,prime.8132.BAG,0,1
prime,8132,G,prime.8132.G,0,1
prime,8132,T,prime.8132.T,0,1
prime,8132,TG,prime.8132.TG,0,1
prime,8275,A,prime.8275.A,1,1
prime,8275,BAG,prime.8275.BAG,1,1
prime,8275,G,prime.8275.G,1,1
prime,8275,T,prime.8275.T,1,1
prime,8275,TG,prime.8275.TG,1,1
prime,876,A,prime.876.A,0,1
prime,876,BAG,prime.876.BAG,0,1
prime,876,G,prime.876.G,1,1
prime,876,T,prime.876.T,0,1
prime,876,TG,prime.876.TG,1,1
prime,8963,A,prime.8963.A,1,1
prime,8963,BAG,prime.8963.BAG,1,1
prime,8963,G,prime.8963.G,1,1
prime,8963,T,prime.8963.T,1,1
prime,8963,TG,prime.8963.TG,1,1
prime,8968,A,prime.8968.A,0,1
prime,8968,BAG,prime.8968.BAG,0,1
prime,8968,G,prime.8968.G,0,1
prime,8968,T,prime.8968.T,0,1
prime,8968,TG,prime.8968.TG,0,1
prime,9197,A,prime.9197.A,0,1
prime,9197,BAG,prime.9197.BAG,0,1
prime,9197,G,prime.9197.G,0,1
prime,9197,T,prime.9197.T,0,1
prime,9197,TG,prime.9197.TG,0,1
prime,9203,A,prime.9203.A,1,1
prime,9203,BAG,prime.9203.BAG,1,1
prime,9203,G,prime.9203.G,1,1
prime,9203,T,prime.9203.T,1,1
prime,9203,TG,prime.9203.TG,1,1
prime,9302,A,prime.9302.A,0,1
prime,9302,BAG,prime.9302.BAG,0,1
prime,9302,G,prime.9302.G,0,1
prime,9302,T,prime.9302.T,0,1
prime,9302,TG,prime.9302.TG,0,1
prime,9358,A,prime.9358.A,1,1
prime,9358,BAG,prime.9358.BAG,0,1
prime,9358,G,prime.9358.G,0,1
prime,9358,T,prime.9358.T,0,1
prime,9358,TG,prime.9358.TG,1,1
prime,9392,A,prime.9392.A,0,1
prime,9392,BAG,prime.9392.BAG,0,1
prime,9392,G,prime.9392.G,0,1
prime,9392,T,prime.9392.T,0,1
prime,9392,TG,prime.9392.TG,0,1
prime,9393,A,prime.9393.A,1,1
prime,9393,BAG,prime.9393.BAG,1,1
prime,9393,G,prime.9393.G,1,1
prime,9393,T,prime.9393.T,1,1
prime,9393,TG,prime.9393.TG,1,1
prime,946,A,prime.946.A,0,1
prime,946,BAG,prime.946.BAG,1,1
prime,946,G,prime.946.G,1,1
prime,946,T,prime.946.T,1,1
prime,946,TG,prime.946.TG,1,1
prime,9483,A,prime.9483.A,1,1
prime,9483,BAG,prime.9483.BAG,1,1
prime,9483,G,prime.9483.G,1,1
prime,9483,T,prime.9483.T,1,1
prime,9483,TG,prime.9483.TG,1,1
prime,9489,A,prime.9489.A,1,1
prime,9489,BAG,prime.9489.BAG,1,1
prime,9489,G,prime.9489.G,1,1
prime,9489,T,prime.9489.T,1,1
prime,9489,TG,prime.9489.TG,1,1
prime,9521,A,prime.9521.A,1,1
prime,9521,BAG,prime.9521.BAG,1,1
prime,9521,G,prime.9521.G,1,1
prime,9521,T,prime.9521.T,1,1
prime,9521,TG,prime.9521.TG,1,1
prime,9681,A,prime.9681.A,1,1
prime,9681,BAG,prime.9681.BAG,1,1
prime,9681,G,prime.9681.G,1,1
prime,9681,T,prime.9681.T,1,1
prime,9681,TG,prime.9681.TG,1,1
prime,9753,A,prime.9753.A,1,1
prime,9753,BAG,prime.9753.BAG,1,1
prime,9753,G,prime.9753.G,1,1
prime,9753,T,prime.9753.T,1,1
prime,9753,TG,prime.9753.TG,1,1
prime,9802,A,prime.9802.A,1,1
prime,9802,BAG,prime.9802.BAG,0,1
prime,9802,G,prime.9802.G,0,1
prime,9802,T,prime.9802.T,0,1
prime,9802,TG,prime.9802.TG,0,1
prime,9902,A,prime.9902.A,1,1
prime,9902,BAG,prime.9902.BAG,1,1
prime,9902,G,prime.9902.G,1,1
prime,9902,T,prime.9902.T,1,1
prime,9902,TG,prime.9902.TG,1,1
prime,9917,A,prime.9917.A,1,1
prime,9917,BAG,prime.9917.BAG,1,1
prime,9917,G,prime.9917.G,0,1
prime,9917,T,prime.9917.T,1,1
prime,9917,TG,prime.9917.TG,1,1
